<?xml version="1.0" encoding="UTF-8" ?>
<!DOCTYPE NmLoader SYSTEM "standardX24.dtd">
<NmLoader>
  <csvLifeCycleTemplateBegin handler="wt.lifecycle.LoadLifeCycle.createLifeCycleTemplate">
    <csvname>WISEPM生命周期</csvname>
    <csvdescription>null</csvdescription>
    <csvsupportedClass>wt.fc.WTObject</csvsupportedClass>
    <csvfolderLocation>/System</csvfolderLocation>
    <csvenabled>true</csvenabled>
    <csvrouting>false</csvrouting>
    <csvbasic>false</csvbasic>
  </csvLifeCycleTemplateBegin>
  <csvPhaseTemplateBegin handler="wt.lifecycle.LoadLifeCycle.createPhaseTemplateBegin">
    <csvname>正在工作</csvname>
    <csvphaseState>INWORK</csvphaseState>
    <csvphaseWorkflow></csvphaseWorkflow>
    <csvgateWorkflow></csvgateWorkflow>
    <csvseriesSelector></csvseriesSelector>
  </csvPhaseTemplateBegin>
  <csvRoleHolder handler="wt.project.LoadProject.createRoleHolder">
    <csvroleToAssign>SUBMITTER</csvroleToAssign>
    <csvassignedPrincipal></csvassignedPrincipal>
  </csvRoleHolder>
  <csvActorRoleHolder handler="wt.project.LoadProject.createActorRoleHolder">
    <csvroleToAssign>SUBMITTER</csvroleToAssign>
    <csvassignedActorRole>CREATOR</csvassignedActorRole>
  </csvActorRoleHolder>
  <csvWTAclEntry handler="wt.lifecycle.LoadLifeCycle.createWTAclEntry">
    <csvrole>SUBMITTER</csvrole>
    <csvpermission>1</csvpermission>
  </csvWTAclEntry>
  <csvWTAclEntry handler="wt.lifecycle.LoadLifeCycle.createWTAclEntry">
    <csvrole>SUBMITTER</csvrole>
    <csvpermission>15</csvpermission>
  </csvWTAclEntry>
  <csvPhaseTemplateEnd handler="wt.lifecycle.LoadLifeCycle.createPhaseTemplateEnd"></csvPhaseTemplateEnd>
  <csvPhaseTemplateBegin handler="wt.lifecycle.LoadLifeCycle.createPhaseTemplateBegin">
    <csvname>WIS正在审阅</csvname>
    <csvphaseState>WISZHENGZAISHENYUE</csvphaseState>
    <csvphaseWorkflow></csvphaseWorkflow>
    <csvgateWorkflow></csvgateWorkflow>
    <csvseriesSelector></csvseriesSelector>
  </csvPhaseTemplateBegin>
  <csvRoleHolder handler="wt.project.LoadProject.createRoleHolder">
    <csvroleToAssign>REVIEWER</csvroleToAssign>
    <csvassignedPrincipal></csvassignedPrincipal>
  </csvRoleHolder>
  <csvPhaseTemplateEnd handler="wt.lifecycle.LoadLifeCycle.createPhaseTemplateEnd"></csvPhaseTemplateEnd>
  <csvPhaseTemplateBegin handler="wt.lifecycle.LoadLifeCycle.createPhaseTemplateBegin">
    <csvname>WIS已发布</csvname>
    <csvphaseState>WISYIFABU</csvphaseState>
    <csvphaseWorkflow></csvphaseWorkflow>
    <csvgateWorkflow></csvgateWorkflow>
    <csvseriesSelector></csvseriesSelector>
  </csvPhaseTemplateBegin>
  <csvRoleHolder handler="wt.project.LoadProject.createRoleHolder">
    <csvroleToAssign>SUBMITTER</csvroleToAssign>
    <csvassignedPrincipal></csvassignedPrincipal>
  </csvRoleHolder>
  <csvActorRoleHolder handler="wt.project.LoadProject.createActorRoleHolder">
    <csvroleToAssign>SUBMITTER</csvroleToAssign>
    <csvassignedActorRole>CREATOR</csvassignedActorRole>
  </csvActorRoleHolder>
  <csvWTAclEntry handler="wt.lifecycle.LoadLifeCycle.createWTAclEntry">
    <csvrole>SUBMITTER</csvrole>
    <csvpermission>0</csvpermission>
  </csvWTAclEntry>
  <csvWTAclEntry handler="wt.lifecycle.LoadLifeCycle.createWTAclEntry">
    <csvrole>SUBMITTER</csvrole>
    <csvpermission>10</csvpermission>
  </csvWTAclEntry>
  <csvWTAclEntry handler="wt.lifecycle.LoadLifeCycle.createWTAclEntry">
    <csvrole>SUBMITTER</csvrole>
    <csvpermission>7</csvpermission>
  </csvWTAclEntry>
  <csvPhaseTemplateEnd handler="wt.lifecycle.LoadLifeCycle.createPhaseTemplateEnd"></csvPhaseTemplateEnd>
  <csvPhaseTemplateBegin handler="wt.lifecycle.LoadLifeCycle.createPhaseTemplateBegin">
    <csvname>WIS已传阅</csvname>
    <csvphaseState>WISYICHUANYUE</csvphaseState>
    <csvphaseWorkflow></csvphaseWorkflow>
    <csvgateWorkflow></csvgateWorkflow>
    <csvseriesSelector></csvseriesSelector>
  </csvPhaseTemplateBegin>
  <csvRoleHolder handler="wt.project.LoadProject.createRoleHolder">
    <csvroleToAssign>REVIEWER</csvroleToAssign>
    <csvassignedPrincipal></csvassignedPrincipal>
  </csvRoleHolder>
  <csvPhaseTemplateEnd handler="wt.lifecycle.LoadLifeCycle.createPhaseTemplateEnd"></csvPhaseTemplateEnd>
  <csvPhaseTemplateBegin handler="wt.lifecycle.LoadLifeCycle.createPhaseTemplateBegin">
    <csvname>WIS已归档</csvname>
    <csvphaseState>WISYIGUIDANG</csvphaseState>
    <csvphaseWorkflow></csvphaseWorkflow>
    <csvgateWorkflow>Review</csvgateWorkflow>
    <csvseriesSelector></csvseriesSelector>
  </csvPhaseTemplateBegin>
  <csvRoleHolder handler="wt.project.LoadProject.createRoleHolder">
    <csvroleToAssign>REVIEWER</csvroleToAssign>
    <csvassignedPrincipal></csvassignedPrincipal>
  </csvRoleHolder>
  <csvPhaseTemplateEnd handler="wt.lifecycle.LoadLifeCycle.createPhaseTemplateEnd"></csvPhaseTemplateEnd>
  <csvPhaseTemplateBegin handler="wt.lifecycle.LoadLifeCycle.createPhaseTemplateBegin">
    <csvname>WIS修改中</csvname>
    <csvphaseState>WISXIUGAIZHONG</csvphaseState>
    <csvphaseWorkflow></csvphaseWorkflow>
    <csvgateWorkflow></csvgateWorkflow>
    <csvseriesSelector></csvseriesSelector>
  </csvPhaseTemplateBegin>
  <csvRoleHolder handler="wt.project.LoadProject.createRoleHolder">
    <csvroleToAssign>REVIEWER</csvroleToAssign>
    <csvassignedPrincipal></csvassignedPrincipal>
  </csvRoleHolder>
  <csvPhaseTemplateEnd handler="wt.lifecycle.LoadLifeCycle.createPhaseTemplateEnd"></csvPhaseTemplateEnd>
  <csvPhaseTemplateBegin handler="wt.lifecycle.LoadLifeCycle.createPhaseTemplateBegin">
    <csvname>WIS已取消</csvname>
    <csvphaseState>WISYIQUXIAO</csvphaseState>
    <csvphaseWorkflow></csvphaseWorkflow>
    <csvgateWorkflow></csvgateWorkflow>
    <csvseriesSelector></csvseriesSelector>
  </csvPhaseTemplateBegin>
  <csvRoleHolder handler="wt.project.LoadProject.createRoleHolder">
    <csvroleToAssign>REVIEWER</csvroleToAssign>
    <csvassignedPrincipal></csvassignedPrincipal>
  </csvRoleHolder>
  <csvPhaseTemplateEnd handler="wt.lifecycle.LoadLifeCycle.createPhaseTemplateEnd"></csvPhaseTemplateEnd>
  <csvPhaseSuccessionBegin handler="wt.lifecycle.LoadLifeCycle.createPhaseSuccessionBegin">
    <csvlifeCycleName>WISEPM生命周期</csvlifeCycleName>
    <csvpredecessorPhaseState>INWORK</csvpredecessorPhaseState>
    <csvsuccessorPhaseState>WISZHENGZAISHENYUE</csvsuccessorPhaseState>
    <csvphaseTransition>NEXT</csvphaseTransition>
  </csvPhaseSuccessionBegin>
  <csvPhaseSuccessionBegin handler="wt.lifecycle.LoadLifeCycle.createPhaseSuccessionBegin">
    <csvlifeCycleName>WISEPM生命周期</csvlifeCycleName>
    <csvpredecessorPhaseState>INWORK</csvpredecessorPhaseState>
    <csvsuccessorPhaseState>WISYIFABU</csvsuccessorPhaseState>
    <csvphaseTransition>SET_STATE</csvphaseTransition>
  </csvPhaseSuccessionBegin>
  <csvPhaseSuccessionBegin handler="wt.lifecycle.LoadLifeCycle.createPhaseSuccessionBegin">
    <csvlifeCycleName>WISEPM生命周期</csvlifeCycleName>
    <csvpredecessorPhaseState>WISZHENGZAISHENYUE</csvpredecessorPhaseState>
    <csvsuccessorPhaseState>WISYIFABU</csvsuccessorPhaseState>
    <csvphaseTransition>NEXT</csvphaseTransition>
  </csvPhaseSuccessionBegin>
  <csvPhaseSuccessionBegin handler="wt.lifecycle.LoadLifeCycle.createPhaseSuccessionBegin">
    <csvlifeCycleName>WISEPM生命周期</csvlifeCycleName>
    <csvpredecessorPhaseState>WISZHENGZAISHENYUE</csvpredecessorPhaseState>
    <csvsuccessorPhaseState>INWORK</csvsuccessorPhaseState>
    <csvphaseTransition>PROMOTE</csvphaseTransition>
  </csvPhaseSuccessionBegin>
  <csvPhaseSuccessionBegin handler="wt.lifecycle.LoadLifeCycle.createPhaseSuccessionBegin">
    <csvlifeCycleName>WISEPM生命周期</csvlifeCycleName>
    <csvpredecessorPhaseState>WISZHENGZAISHENYUE</csvpredecessorPhaseState>
    <csvsuccessorPhaseState>WISZHENGZAISHENYUE</csvsuccessorPhaseState>
    <csvphaseTransition>PROMOTE</csvphaseTransition>
  </csvPhaseSuccessionBegin>
  <csvPhaseSuccessionBegin handler="wt.lifecycle.LoadLifeCycle.createPhaseSuccessionBegin">
    <csvlifeCycleName>WISEPM生命周期</csvlifeCycleName>
    <csvpredecessorPhaseState>WISZHENGZAISHENYUE</csvpredecessorPhaseState>
    <csvsuccessorPhaseState>WISYIFABU</csvsuccessorPhaseState>
    <csvphaseTransition>PROMOTE</csvphaseTransition>
  </csvPhaseSuccessionBegin>
  <csvPhaseSuccessionBegin handler="wt.lifecycle.LoadLifeCycle.createPhaseSuccessionBegin">
    <csvlifeCycleName>WISEPM生命周期</csvlifeCycleName>
    <csvpredecessorPhaseState>WISZHENGZAISHENYUE</csvpredecessorPhaseState>
    <csvsuccessorPhaseState>WISYICHUANYUE</csvsuccessorPhaseState>
    <csvphaseTransition>PROMOTE</csvphaseTransition>
  </csvPhaseSuccessionBegin>
  <csvPhaseSuccessionBegin handler="wt.lifecycle.LoadLifeCycle.createPhaseSuccessionBegin">
    <csvlifeCycleName>WISEPM生命周期</csvlifeCycleName>
    <csvpredecessorPhaseState>WISZHENGZAISHENYUE</csvpredecessorPhaseState>
    <csvsuccessorPhaseState>WISYIGUIDANG</csvsuccessorPhaseState>
    <csvphaseTransition>PROMOTE</csvphaseTransition>
  </csvPhaseSuccessionBegin>
  <csvPhaseSuccessionBegin handler="wt.lifecycle.LoadLifeCycle.createPhaseSuccessionBegin">
    <csvlifeCycleName>WISEPM生命周期</csvlifeCycleName>
    <csvpredecessorPhaseState>WISZHENGZAISHENYUE</csvpredecessorPhaseState>
    <csvsuccessorPhaseState>INWORK</csvsuccessorPhaseState>
    <csvphaseTransition>REVISE</csvphaseTransition>
  </csvPhaseSuccessionBegin>
  <csvPhaseSuccessionBegin handler="wt.lifecycle.LoadLifeCycle.createPhaseSuccessionBegin">
    <csvlifeCycleName>WISEPM生命周期</csvlifeCycleName>
    <csvpredecessorPhaseState>WISYIFABU</csvpredecessorPhaseState>
    <csvsuccessorPhaseState>WISYICHUANYUE</csvsuccessorPhaseState>
    <csvphaseTransition>NEXT</csvphaseTransition>
  </csvPhaseSuccessionBegin>
  <csvPhaseSuccessionBegin handler="wt.lifecycle.LoadLifeCycle.createPhaseSuccessionBegin">
    <csvlifeCycleName>WISEPM生命周期</csvlifeCycleName>
    <csvpredecessorPhaseState>WISYIFABU</csvpredecessorPhaseState>
    <csvsuccessorPhaseState>INWORK</csvsuccessorPhaseState>
    <csvphaseTransition>REVISE</csvphaseTransition>
  </csvPhaseSuccessionBegin>
  <csvPhaseSuccessionBegin handler="wt.lifecycle.LoadLifeCycle.createPhaseSuccessionBegin">
    <csvlifeCycleName>WISEPM生命周期</csvlifeCycleName>
    <csvpredecessorPhaseState>WISYICHUANYUE</csvpredecessorPhaseState>
    <csvsuccessorPhaseState>WISYIGUIDANG</csvsuccessorPhaseState>
    <csvphaseTransition>NEXT</csvphaseTransition>
  </csvPhaseSuccessionBegin>
  <csvPhaseSuccessionBegin handler="wt.lifecycle.LoadLifeCycle.createPhaseSuccessionBegin">
    <csvlifeCycleName>WISEPM生命周期</csvlifeCycleName>
    <csvpredecessorPhaseState>WISYICHUANYUE</csvpredecessorPhaseState>
    <csvsuccessorPhaseState>INWORK</csvsuccessorPhaseState>
    <csvphaseTransition>REVISE</csvphaseTransition>
  </csvPhaseSuccessionBegin>
  <csvPhaseSuccessionBegin handler="wt.lifecycle.LoadLifeCycle.createPhaseSuccessionBegin">
    <csvlifeCycleName>WISEPM生命周期</csvlifeCycleName>
    <csvpredecessorPhaseState>WISYIGUIDANG</csvpredecessorPhaseState>
    <csvsuccessorPhaseState>WISXIUGAIZHONG</csvsuccessorPhaseState>
    <csvphaseTransition>NEXT</csvphaseTransition>
  </csvPhaseSuccessionBegin>
  <csvPhaseSuccessionBegin handler="wt.lifecycle.LoadLifeCycle.createPhaseSuccessionBegin">
    <csvlifeCycleName>WISEPM生命周期</csvlifeCycleName>
    <csvpredecessorPhaseState>WISYIGUIDANG</csvpredecessorPhaseState>
    <csvsuccessorPhaseState>INWORK</csvsuccessorPhaseState>
    <csvphaseTransition>REVISE</csvphaseTransition>
  </csvPhaseSuccessionBegin>
  <csvPhaseSuccessionBegin handler="wt.lifecycle.LoadLifeCycle.createPhaseSuccessionBegin">
    <csvlifeCycleName>WISEPM生命周期</csvlifeCycleName>
    <csvpredecessorPhaseState>WISXIUGAIZHONG</csvpredecessorPhaseState>
    <csvsuccessorPhaseState>WISYIQUXIAO</csvsuccessorPhaseState>
    <csvphaseTransition>NEXT</csvphaseTransition>
  </csvPhaseSuccessionBegin>
  <csvLifeCycleTemplateEnd handler="wt.lifecycle.LoadLifeCycle.createLifeCycleTemplateEnd"></csvLifeCycleTemplateEnd>
</NmLoader>