<?xml version="1.0" encoding="UTF-8" ?>
<!DOCTYPE NmLoader SYSTEM "standardX24.dtd">
<NmLoader>
  <csvWfProcessTemplateBegin handler="wt.workflow.definer.LoadWorkflow.createProcessTemplate">
    <csvxCoordinate>0</csvxCoordinate>
    <csvyCoordinate>0</csvyCoordinate>
    <csvrouterType>NONE</csvrouterType>
    <csvroutingEvents></csvroutingEvents>
    <csvautoRoutingExpression></csvautoRoutingExpression>
    <csvuniqueId>wt.workflow.definer.WfProcessTemplate:143641</csvuniqueId>
    <csvname>WIS工艺文件审批流程-4-工作流变量-表达式</csvname>
    <csvdescription></csvdescription>
    <csvcategory>DEFAULT</csvcategory>
    <csvinstructions></csvinstructions>
    <csviconName>wt/clients/images/workproc.gif</csviconName>
    <csvduration>0</csvduration>
    <csvprocessDuration>0</csvprocessDuration>
    <csvstartDelay>0</csvstartDelay>
    <csvstartProcessDelay>0</csvstartProcessDelay>
    <csvnotifyBeforeDeadline>false</csvnotifyBeforeDeadline>
    <csvtimeToDeadline>0</csvtimeToDeadline>
    <csvnotifyAfterDeadline>false</csvnotifyAfterDeadline>
    <csvtimePastDeadline>0</csvtimePastDeadline>
    <csvresponsibleRole></csvresponsibleRole>
    <csvenabled>true</csvenabled>
    <csvfolderLocation>/System</csvfolderLocation>
    <csvdedicatedQueue>false</csvdedicatedQueue>
  </csvWfProcessTemplateBegin>
  <csvWfVariable handler="wt.workflow.definer.LoadWorkflow.addVariable">
    <csvname>primaryBusinessObject</csvname>
    <csvtype>wt.fc.WTObject</csvtype>
    <csvrequired>false</csvrequired>
    <csvvisible>true</csvvisible>
    <csvmutable>true</csvmutable>
    <csvresetable>true</csvresetable>
    <csvinitializeFrom></csvinitializeFrom>
    <csvcopyInto></csvcopyInto>
    <csvdefaultValue></csvdefaultValue>
    <csvpermissionList>0</csvpermissionList>
    <csvreadOnly>false</csvreadOnly>
    <csvdisplayNames></csvdisplayNames>
  </csvWfVariable>
  <csvWfVariable handler="wt.workflow.definer.LoadWorkflow.addVariable">
    <csvname>comment</csvname>
    <csvtype>java.lang.String</csvtype>
    <csvrequired>false</csvrequired>
    <csvvisible>true</csvvisible>
    <csvmutable>true</csvmutable>
    <csvresetable>true</csvresetable>
    <csvinitializeFrom></csvinitializeFrom>
    <csvcopyInto></csvcopyInto>
    <csvdefaultValue></csvdefaultValue>
    <csvpermissionList>0</csvpermissionList>
    <csvreadOnly>false</csvreadOnly>
    <csvdisplayNames>de:;;;qqqit:;;;qqqdefault:审批意见;;;qqqko:;;;qqqzh_TW:;;;qqqfr:;;;qqqen:;;;qqqja:;;;qqqzh_CN:</csvdisplayNames>
  </csvWfVariable>
  <csvWfVariable handler="wt.workflow.definer.LoadWorkflow.addVariable">
    <csvname>fengxian</csvname>
    <csvtype>java.lang.String</csvtype>
    <csvrequired>false</csvrequired>
    <csvvisible>true</csvvisible>
    <csvmutable>true</csvmutable>
    <csvresetable>true</csvresetable>
    <csvinitializeFrom></csvinitializeFrom>
    <csvcopyInto></csvcopyInto>
    <csvdefaultValue></csvdefaultValue>
    <csvpermissionList>0</csvpermissionList>
    <csvreadOnly>false</csvreadOnly>
    <csvdisplayNames>de:;;;qqqdefault:风险处理;;;qqqit:;;;qqqzh_TW:;;;qqqko:;;;qqqfr:;;;qqqen:;;;qqqzh_CN:;;;qqqja:</csvdisplayNames>
  </csvWfVariable>
  <csvWfAssignedActivityTemplateBegin handler="wt.workflow.definer.LoadWorkflow.createAssignedActivityTemplate">
    <csvxCoordinate>633</csvxCoordinate>
    <csvyCoordinate>85</csvyCoordinate>
    <csvrouterType>MANUAL_EXCLUSIVE</csvrouterType>
    <csvroutingEvents>通过/驳回/</csvroutingEvents>
    <csvautoRoutingExpression></csvautoRoutingExpression>
    <csvuniqueId>wt.workflow.definer.WfAssignedActivityTemplate:143643</csvuniqueId>
    <csvname>批准</csvname>
    <csvdescription>null</csvdescription>
    <csvcategory>DEFAULT</csvcategory>
    <csvinstructions>null</csvinstructions>
    <csviconName>wt/clients/images/assignactvty.gif</csviconName>
    <csvduration>0</csvduration>
    <csvprocessDuration>0</csvprocessDuration>
    <csvstartDelay>0</csvstartDelay>
    <csvstartProcessDelay>0</csvstartProcessDelay>
    <csvnotifyBeforeDeadline>false</csvnotifyBeforeDeadline>
    <csvtimeToDeadline>0</csvtimeToDeadline>
    <csvnotifyAfterDeadline>false</csvnotifyAfterDeadline>
    <csvtimePastDeadline>0</csvtimePastDeadline>
    <csvresponsibleRole></csvresponsibleRole>
    <csvtask>WfTask</csvtask>
    <csvsendNotification>false</csvsendNotification>
    <csvlocalProject></csvlocalProject>
    <csvvariableProject>null</csvvariableProject>
    <csvsigningRequired>false</csvsigningRequired>
  </csvWfAssignedActivityTemplateBegin>
  <csvWfVariable handler="wt.workflow.definer.LoadWorkflow.addVariable">
    <csvname>primaryBusinessObject</csvname>
    <csvtype>wt.fc.WTObject</csvtype>
    <csvrequired>false</csvrequired>
    <csvvisible>true</csvvisible>
    <csvmutable>true</csvmutable>
    <csvresetable>true</csvresetable>
    <csvinitializeFrom>primaryBusinessObject</csvinitializeFrom>
    <csvcopyInto>primaryBusinessObject</csvcopyInto>
    <csvdefaultValue></csvdefaultValue>
    <csvpermissionList>0</csvpermissionList>
    <csvreadOnly>false</csvreadOnly>
    <csvdisplayNames></csvdisplayNames>
  </csvWfVariable>
  <csvWfRoleAssignee handler="wt.workflow.definer.LoadWorkflow.addRoleAssignee">
    <csvrole>APPROVER</csvrole>
    <csvrequired>false</csvrequired>
    <csvcompletionPolicyType>ANY</csvcompletionPolicyType>
    <csvcompletionPolicyValue>0</csvcompletionPolicyValue>
  </csvWfRoleAssignee>
  <csvWfResourcePool handler="wt.workflow.definer.LoadWorkflow.addResourcePool">
    <csvrole>APPROVER</csvrole>
    <csvresourcePoolType>Context Team</csvresourcePoolType>
    <csvresourcePoolName>Context Team</csvresourcePoolName>
  </csvWfResourcePool>
  <csvWfAuditAction handler="wt.workflow.definer.LoadWorkflow.addAuditAction">
    <csvauditAction>ACTIVITY_ASSIGNMENT_CHANGED</csvauditAction>
    <csvauditActionFlag>true</csvauditActionFlag>
  </csvWfAuditAction>
  <csvWfAuditAction handler="wt.workflow.definer.LoadWorkflow.addAuditAction">
    <csvauditAction>EXECUTION_ERROR</csvauditAction>
    <csvauditActionFlag>true</csvauditActionFlag>
  </csvWfAuditAction>
  <csvWfVotingAction handler="wt.workflow.definer.LoadWorkflow.addVotingAction">
    <csvvotingAction>RECORD_VOTING</csvvotingAction>
    <csvvotingActionFlag>true</csvvotingActionFlag>
  </csvWfVotingAction>
  <csvWfIgnoreUnresolvedRoleAction handler="wt.workflow.definer.LoadWorkflow.addIgnoreUnresolvedRoleAction">
    <csvignoreUnresolvedRoleAction>IGNOREUNRESOLVED_ROLE</csvignoreUnresolvedRoleAction>
    <csvignoreUnresolvedRoleActionFlag>true</csvignoreUnresolvedRoleActionFlag>
  </csvWfIgnoreUnresolvedRoleAction>
  <csvRenderChoice handler="wt.workflow.definer.LoadWorkflow.renderTemplate"><csvrender>HTML</csvrender></csvRenderChoice>
  <csvTaskFormTemplate handler="wt.workflow.definer.LoadWorkflow.saveTaskFormTemplate"><csvTemplateName>default</csvTemplateName></csvTaskFormTemplate>
  <csvWfAssignedActivityTemplateEnd handler="wt.workflow.definer.LoadWorkflow.saveAssignedActivityTemplate"></csvWfAssignedActivityTemplateEnd>
  <csvWfAssignedActivityTemplateBegin handler="wt.workflow.definer.LoadWorkflow.createAssignedActivityTemplate">
    <csvxCoordinate>815</csvxCoordinate>
    <csvyCoordinate>160</csvyCoordinate>
    <csvrouterType>NONE</csvrouterType>
    <csvroutingEvents></csvroutingEvents>
    <csvautoRoutingExpression></csvautoRoutingExpression>
    <csvuniqueId>wt.workflow.definer.WfAssignedActivityTemplate:143645</csvuniqueId>
    <csvname>文件传阅</csvname>
    <csvdescription>null</csvdescription>
    <csvcategory>DEFAULT</csvcategory>
    <csvinstructions>null</csvinstructions>
    <csviconName>wt/clients/images/assignactvty.gif</csviconName>
    <csvduration>0</csvduration>
    <csvprocessDuration>0</csvprocessDuration>
    <csvstartDelay>0</csvstartDelay>
    <csvstartProcessDelay>0</csvstartProcessDelay>
    <csvnotifyBeforeDeadline>false</csvnotifyBeforeDeadline>
    <csvtimeToDeadline>0</csvtimeToDeadline>
    <csvnotifyAfterDeadline>false</csvnotifyAfterDeadline>
    <csvtimePastDeadline>0</csvtimePastDeadline>
    <csvresponsibleRole></csvresponsibleRole>
    <csvtask>WfTask</csvtask>
    <csvsendNotification>false</csvsendNotification>
    <csvlocalProject></csvlocalProject>
    <csvvariableProject>null</csvvariableProject>
    <csvsigningRequired>false</csvsigningRequired>
  </csvWfAssignedActivityTemplateBegin>
  <csvWfVariable handler="wt.workflow.definer.LoadWorkflow.addVariable">
    <csvname>primaryBusinessObject</csvname>
    <csvtype>wt.fc.WTObject</csvtype>
    <csvrequired>false</csvrequired>
    <csvvisible>true</csvvisible>
    <csvmutable>true</csvmutable>
    <csvresetable>true</csvresetable>
    <csvinitializeFrom>primaryBusinessObject</csvinitializeFrom>
    <csvcopyInto>primaryBusinessObject</csvcopyInto>
    <csvdefaultValue></csvdefaultValue>
    <csvpermissionList>0</csvpermissionList>
    <csvreadOnly>false</csvreadOnly>
    <csvdisplayNames></csvdisplayNames>
  </csvWfVariable>
  <csvWfPrincipalAssignee handler="wt.workflow.definer.LoadWorkflow.addPrincipalAssignee">
    <csvprincipal>文件传阅组</csvprincipal>
    <csvrequired>true</csvrequired>
    <csvcompletionPolicyType>ALL</csvcompletionPolicyType>
    <csvcompletionPolicyValue>0</csvcompletionPolicyValue>
  </csvWfPrincipalAssignee>
  <csvWfAuditAction handler="wt.workflow.definer.LoadWorkflow.addAuditAction">
    <csvauditAction>ACTIVITY_ASSIGNMENT_CHANGED</csvauditAction>
    <csvauditActionFlag>true</csvauditActionFlag>
  </csvWfAuditAction>
  <csvWfAuditAction handler="wt.workflow.definer.LoadWorkflow.addAuditAction">
    <csvauditAction>EXECUTION_ERROR</csvauditAction>
    <csvauditActionFlag>true</csvauditActionFlag>
  </csvWfAuditAction>
  <csvWfVotingAction handler="wt.workflow.definer.LoadWorkflow.addVotingAction">
    <csvvotingAction>RECORD_VOTING</csvvotingAction>
    <csvvotingActionFlag>true</csvvotingActionFlag>
  </csvWfVotingAction>
  <csvWfIgnoreUnresolvedRoleAction handler="wt.workflow.definer.LoadWorkflow.addIgnoreUnresolvedRoleAction">
    <csvignoreUnresolvedRoleAction>IGNOREUNRESOLVED_ROLE</csvignoreUnresolvedRoleAction>
    <csvignoreUnresolvedRoleActionFlag>true</csvignoreUnresolvedRoleActionFlag>
  </csvWfIgnoreUnresolvedRoleAction>
  <csvRenderChoice handler="wt.workflow.definer.LoadWorkflow.renderTemplate"><csvrender>HTML</csvrender></csvRenderChoice>
  <csvTaskFormTemplate handler="wt.workflow.definer.LoadWorkflow.saveTaskFormTemplate"><csvTemplateName>default</csvTemplateName></csvTaskFormTemplate>
  <csvWfAssignedActivityTemplateEnd handler="wt.workflow.definer.LoadWorkflow.saveAssignedActivityTemplate"></csvWfAssignedActivityTemplateEnd>
  <csvWfAssignedActivityTemplateBegin handler="wt.workflow.definer.LoadWorkflow.createAssignedActivityTemplate">
    <csvxCoordinate>252</csvxCoordinate>
    <csvyCoordinate>183</csvyCoordinate>
    <csvrouterType>MANUAL_EXCLUSIVE</csvrouterType>
    <csvroutingEvents>提交审阅/取消审阅/</csvroutingEvents>
    <csvautoRoutingExpression></csvautoRoutingExpression>
    <csvuniqueId>wt.workflow.definer.WfAssignedActivityTemplate:143647</csvuniqueId>
    <csvname>修改</csvname>
    <csvdescription>null</csvdescription>
    <csvcategory>DEFAULT</csvcategory>
    <csvinstructions>null</csvinstructions>
    <csviconName>wt/clients/images/assignactvty.gif</csviconName>
    <csvduration>0</csvduration>
    <csvprocessDuration>0</csvprocessDuration>
    <csvstartDelay>0</csvstartDelay>
    <csvstartProcessDelay>0</csvstartProcessDelay>
    <csvnotifyBeforeDeadline>false</csvnotifyBeforeDeadline>
    <csvtimeToDeadline>0</csvtimeToDeadline>
    <csvnotifyAfterDeadline>false</csvnotifyAfterDeadline>
    <csvtimePastDeadline>0</csvtimePastDeadline>
    <csvresponsibleRole></csvresponsibleRole>
    <csvtask>WfTask</csvtask>
    <csvsendNotification>false</csvsendNotification>
    <csvlocalProject></csvlocalProject>
    <csvvariableProject>null</csvvariableProject>
    <csvsigningRequired>false</csvsigningRequired>
  </csvWfAssignedActivityTemplateBegin>
  <csvWfVariable handler="wt.workflow.definer.LoadWorkflow.addVariable">
    <csvname>primaryBusinessObject</csvname>
    <csvtype>wt.fc.WTObject</csvtype>
    <csvrequired>false</csvrequired>
    <csvvisible>true</csvvisible>
    <csvmutable>true</csvmutable>
    <csvresetable>true</csvresetable>
    <csvinitializeFrom>primaryBusinessObject</csvinitializeFrom>
    <csvcopyInto>primaryBusinessObject</csvcopyInto>
    <csvdefaultValue></csvdefaultValue>
    <csvpermissionList>0</csvpermissionList>
    <csvreadOnly>false</csvreadOnly>
    <csvdisplayNames></csvdisplayNames>
  </csvWfVariable>
  <csvWfActorAssignee handler="wt.workflow.definer.LoadWorkflow.addActorAssignee">
    <csvactor>CREATOR</csvactor>
    <csvrequired>false</csvrequired>
    <csvcompletionPolicyType>ANY</csvcompletionPolicyType>
    <csvcompletionPolicyValue>0</csvcompletionPolicyValue>
  </csvWfActorAssignee>
  <csvWfAuditAction handler="wt.workflow.definer.LoadWorkflow.addAuditAction">
    <csvauditAction>ACTIVITY_ASSIGNMENT_CHANGED</csvauditAction>
    <csvauditActionFlag>true</csvauditActionFlag>
  </csvWfAuditAction>
  <csvWfAuditAction handler="wt.workflow.definer.LoadWorkflow.addAuditAction">
    <csvauditAction>EXECUTION_ERROR</csvauditAction>
    <csvauditActionFlag>true</csvauditActionFlag>
  </csvWfAuditAction>
  <csvWfVotingAction handler="wt.workflow.definer.LoadWorkflow.addVotingAction">
    <csvvotingAction>RECORD_VOTING</csvvotingAction>
    <csvvotingActionFlag>true</csvvotingActionFlag>
  </csvWfVotingAction>
  <csvWfIgnoreUnresolvedRoleAction handler="wt.workflow.definer.LoadWorkflow.addIgnoreUnresolvedRoleAction">
    <csvignoreUnresolvedRoleAction>IGNOREUNRESOLVED_ROLE</csvignoreUnresolvedRoleAction>
    <csvignoreUnresolvedRoleActionFlag>true</csvignoreUnresolvedRoleActionFlag>
  </csvWfIgnoreUnresolvedRoleAction>
  <csvRenderChoice handler="wt.workflow.definer.LoadWorkflow.renderTemplate"><csvrender>HTML</csvrender></csvRenderChoice>
  <csvTaskFormTemplate handler="wt.workflow.definer.LoadWorkflow.saveTaskFormTemplate"><csvTemplateName>default</csvTemplateName></csvTaskFormTemplate>
  <csvWfAssignedActivityTemplateEnd handler="wt.workflow.definer.LoadWorkflow.saveAssignedActivityTemplate"></csvWfAssignedActivityTemplateEnd>
  <csvWfAssignedActivityTemplateBegin handler="wt.workflow.definer.LoadWorkflow.createAssignedActivityTemplate">
    <csvxCoordinate>530</csvxCoordinate>
    <csvyCoordinate>85</csvyCoordinate>
    <csvrouterType>MANUAL_EXCLUSIVE</csvrouterType>
    <csvroutingEvents>通过/驳回/</csvroutingEvents>
    <csvautoRoutingExpression></csvautoRoutingExpression>
    <csvuniqueId>wt.workflow.definer.WfAssignedActivityTemplate:143649</csvuniqueId>
    <csvname>审核</csvname>
    <csvdescription>null</csvdescription>
    <csvcategory>DEFAULT</csvcategory>
    <csvinstructions>null</csvinstructions>
    <csviconName>wt/clients/images/assignactvty.gif</csviconName>
    <csvduration>0</csvduration>
    <csvprocessDuration>0</csvprocessDuration>
    <csvstartDelay>0</csvstartDelay>
    <csvstartProcessDelay>0</csvstartProcessDelay>
    <csvnotifyBeforeDeadline>false</csvnotifyBeforeDeadline>
    <csvtimeToDeadline>0</csvtimeToDeadline>
    <csvnotifyAfterDeadline>false</csvnotifyAfterDeadline>
    <csvtimePastDeadline>0</csvtimePastDeadline>
    <csvresponsibleRole></csvresponsibleRole>
    <csvtask>WfTask</csvtask>
    <csvsendNotification>false</csvsendNotification>
    <csvlocalProject></csvlocalProject>
    <csvvariableProject>null</csvvariableProject>
    <csvsigningRequired>false</csvsigningRequired>
  </csvWfAssignedActivityTemplateBegin>
  <csvWfVariable handler="wt.workflow.definer.LoadWorkflow.addVariable">
    <csvname>primaryBusinessObject</csvname>
    <csvtype>wt.fc.WTObject</csvtype>
    <csvrequired>false</csvrequired>
    <csvvisible>true</csvvisible>
    <csvmutable>true</csvmutable>
    <csvresetable>true</csvresetable>
    <csvinitializeFrom>primaryBusinessObject</csvinitializeFrom>
    <csvcopyInto>primaryBusinessObject</csvcopyInto>
    <csvdefaultValue></csvdefaultValue>
    <csvpermissionList>0</csvpermissionList>
    <csvreadOnly>false</csvreadOnly>
    <csvdisplayNames></csvdisplayNames>
  </csvWfVariable>
  <csvWfRoleAssignee handler="wt.workflow.definer.LoadWorkflow.addRoleAssignee">
    <csvrole>SHENHEZHE</csvrole>
    <csvrequired>false</csvrequired>
    <csvcompletionPolicyType>ANY</csvcompletionPolicyType>
    <csvcompletionPolicyValue>0</csvcompletionPolicyValue>
  </csvWfRoleAssignee>
  <csvWfRoleSetup handler="wt.workflow.definer.LoadWorkflow.addRoleSetup">
    <csvassigneeType>Role</csvassigneeType>
    <csvassigneeName>SHENHEZHE</csvassigneeName>
    <csvrole>APPROVER</csvrole>
    <csvviewPermission>true</csvviewPermission>
    <csvaddPermission>false</csvaddPermission>
    <csvremovePermission>false</csvremovePermission>
  </csvWfRoleSetup>
  <csvWfResourcePool handler="wt.workflow.definer.LoadWorkflow.addResourcePool">
    <csvrole>SHENHEZHE</csvrole>
    <csvresourcePoolType>Context Team</csvresourcePoolType>
    <csvresourcePoolName>Context Team</csvresourcePoolName>
  </csvWfResourcePool>
  <csvWfAuditAction handler="wt.workflow.definer.LoadWorkflow.addAuditAction">
    <csvauditAction>ACTIVITY_ASSIGNMENT_CHANGED</csvauditAction>
    <csvauditActionFlag>true</csvauditActionFlag>
  </csvWfAuditAction>
  <csvWfAuditAction handler="wt.workflow.definer.LoadWorkflow.addAuditAction">
    <csvauditAction>EXECUTION_ERROR</csvauditAction>
    <csvauditActionFlag>true</csvauditActionFlag>
  </csvWfAuditAction>
  <csvWfVotingAction handler="wt.workflow.definer.LoadWorkflow.addVotingAction">
    <csvvotingAction>RECORD_VOTING</csvvotingAction>
    <csvvotingActionFlag>true</csvvotingActionFlag>
  </csvWfVotingAction>
  <csvWfIgnoreUnresolvedRoleAction handler="wt.workflow.definer.LoadWorkflow.addIgnoreUnresolvedRoleAction">
    <csvignoreUnresolvedRoleAction>IGNOREUNRESOLVED_ROLE</csvignoreUnresolvedRoleAction>
    <csvignoreUnresolvedRoleActionFlag>true</csvignoreUnresolvedRoleActionFlag>
  </csvWfIgnoreUnresolvedRoleAction>
  <csvRenderChoice handler="wt.workflow.definer.LoadWorkflow.renderTemplate"><csvrender>HTML</csvrender></csvRenderChoice>
  <csvTaskFormTemplate handler="wt.workflow.definer.LoadWorkflow.saveTaskFormTemplate"><csvTemplateName>default</csvTemplateName></csvTaskFormTemplate>
  <csvWfAssignedActivityTemplateEnd handler="wt.workflow.definer.LoadWorkflow.saveAssignedActivityTemplate"></csvWfAssignedActivityTemplateEnd>
  <csvWfAssignedActivityTemplateBegin handler="wt.workflow.definer.LoadWorkflow.createAssignedActivityTemplate">
    <csvxCoordinate>173</csvxCoordinate>
    <csvyCoordinate>86</csvyCoordinate>
    <csvrouterType>MANUAL_EXCLUSIVE</csvrouterType>
    <csvroutingEvents>提交审阅/取消审阅/</csvroutingEvents>
    <csvautoRoutingExpression></csvautoRoutingExpression>
    <csvuniqueId>wt.workflow.definer.WfAssignedActivityTemplate:143651</csvuniqueId>
    <csvname>编制</csvname>
    <csvdescription>null</csvdescription>
    <csvcategory>DEFAULT</csvcategory>
    <csvinstructions>null</csvinstructions>
    <csviconName>wt/clients/images/assignactvty.gif</csviconName>
    <csvduration>0</csvduration>
    <csvprocessDuration>0</csvprocessDuration>
    <csvstartDelay>0</csvstartDelay>
    <csvstartProcessDelay>0</csvstartProcessDelay>
    <csvnotifyBeforeDeadline>false</csvnotifyBeforeDeadline>
    <csvtimeToDeadline>0</csvtimeToDeadline>
    <csvnotifyAfterDeadline>false</csvnotifyAfterDeadline>
    <csvtimePastDeadline>0</csvtimePastDeadline>
    <csvresponsibleRole></csvresponsibleRole>
    <csvtask>WfAugment</csvtask>
    <csvsendNotification>false</csvsendNotification>
    <csvlocalProject></csvlocalProject>
    <csvvariableProject>null</csvvariableProject>
    <csvsigningRequired>false</csvsigningRequired>
  </csvWfAssignedActivityTemplateBegin>
  <csvWfVariable handler="wt.workflow.definer.LoadWorkflow.addVariable">
    <csvname>primaryBusinessObject</csvname>
    <csvtype>wt.fc.WTObject</csvtype>
    <csvrequired>false</csvrequired>
    <csvvisible>true</csvvisible>
    <csvmutable>true</csvmutable>
    <csvresetable>true</csvresetable>
    <csvinitializeFrom>primaryBusinessObject</csvinitializeFrom>
    <csvcopyInto>primaryBusinessObject</csvcopyInto>
    <csvdefaultValue></csvdefaultValue>
    <csvpermissionList>0</csvpermissionList>
    <csvreadOnly>false</csvreadOnly>
    <csvdisplayNames></csvdisplayNames>
  </csvWfVariable>
  <csvWfVariable handler="wt.workflow.definer.LoadWorkflow.addVariable">
    <csvname>comment</csvname>
    <csvtype>java.lang.String</csvtype>
    <csvrequired>true</csvrequired>
    <csvvisible>true</csvvisible>
    <csvmutable>true</csvmutable>
    <csvresetable>true</csvresetable>
    <csvinitializeFrom>comment</csvinitializeFrom>
    <csvcopyInto>comment</csvcopyInto>
    <csvdefaultValue></csvdefaultValue>
    <csvpermissionList>0</csvpermissionList>
    <csvreadOnly>false</csvreadOnly>
    <csvdisplayNames>de:;;;qqqit:;;;qqqdefault:审批意见-编制;;;qqqko:;;;qqqzh_TW:;;;qqqfr:;;;qqqen:;;;qqqja:;;;qqqzh_CN:</csvdisplayNames>
  </csvWfVariable>
  <csvWfVariable handler="wt.workflow.definer.LoadWorkflow.addVariable">
    <csvname>fengxian</csvname>
    <csvtype>java.lang.String</csvtype>
    <csvrequired>false</csvrequired>
    <csvvisible>true</csvvisible>
    <csvmutable>true</csvmutable>
    <csvresetable>true</csvresetable>
    <csvinitializeFrom>fengxian</csvinitializeFrom>
    <csvcopyInto>fengxian</csvcopyInto>
    <csvdefaultValue></csvdefaultValue>
    <csvpermissionList>0</csvpermissionList>
    <csvreadOnly>false</csvreadOnly>
    <csvdisplayNames>de:;;;qqqit:;;;qqqdefault:风险处理-编制;;;qqqko:;;;qqqzh_TW:;;;qqqfr:;;;qqqen:;;;qqqja:;;;qqqzh_CN:</csvdisplayNames>
  </csvWfVariable>
  <csvWfExpression handler="wt.workflow.definer.LoadWorkflow.addExpression">
    <csvexpression>START</csvexpression>
    <csvexprBody>System.out.println(&quot;编制活动-转变条件-开始执行&quot;);</csvexprBody>
    <csvcheckSyntax>false</csvcheckSyntax>
  </csvWfExpression>
  <csvWfExpression handler="wt.workflow.definer.LoadWorkflow.addExpression">
    <csvexpression>ENABLE</csvexpression>
    <csvexprBody>System.out.println(&quot;编制活动-转变条件-启用执行&quot;);</csvexprBody>
    <csvcheckSyntax>false</csvcheckSyntax>
  </csvWfExpression>
  <csvWfExpression handler="wt.workflow.definer.LoadWorkflow.addExpression">
    <csvexpression>COMPLETE</csvexpression>
    <csvexprBody>System.out.println(&quot;编制活动-转变条件-完成执行&quot;);</csvexprBody>
    <csvcheckSyntax>false</csvcheckSyntax>
  </csvWfExpression>
  <csvWfExpression handler="wt.workflow.definer.LoadWorkflow.addExpression">
    <csvexpression>RESET</csvexpression>
    <csvexprBody>System.out.println(&quot;编制活动-转变条件-重置执行&quot;);</csvexprBody>
    <csvcheckSyntax>false</csvcheckSyntax>
  </csvWfExpression>
  <csvWfActorAssignee handler="wt.workflow.definer.LoadWorkflow.addActorAssignee">
    <csvactor>CREATOR</csvactor>
    <csvrequired>false</csvrequired>
    <csvcompletionPolicyType>ANY</csvcompletionPolicyType>
    <csvcompletionPolicyValue>0</csvcompletionPolicyValue>
  </csvWfActorAssignee>
  <csvWfRoleSetup handler="wt.workflow.definer.LoadWorkflow.addRoleSetup">
    <csvassigneeType>ActorRole</csvassigneeType>
    <csvassigneeName>CREATOR</csvassigneeName>
    <csvrole>APPROVER</csvrole>
    <csvviewPermission>true</csvviewPermission>
    <csvaddPermission>true</csvaddPermission>
    <csvremovePermission>true</csvremovePermission>
  </csvWfRoleSetup>
  <csvWfRoleSetup handler="wt.workflow.definer.LoadWorkflow.addRoleSetup">
    <csvassigneeType>ActorRole</csvassigneeType>
    <csvassigneeName>CREATOR</csvassigneeName>
    <csvrole>JIAODUIZHE</csvrole>
    <csvviewPermission>true</csvviewPermission>
    <csvaddPermission>true</csvaddPermission>
    <csvremovePermission>true</csvremovePermission>
  </csvWfRoleSetup>
  <csvWfRoleSetup handler="wt.workflow.definer.LoadWorkflow.addRoleSetup">
    <csvassigneeType>ActorRole</csvassigneeType>
    <csvassigneeName>CREATOR</csvassigneeName>
    <csvrole>SHENHEZHE</csvrole>
    <csvviewPermission>true</csvviewPermission>
    <csvaddPermission>true</csvaddPermission>
    <csvremovePermission>true</csvremovePermission>
  </csvWfRoleSetup>
  <csvWfResourcePool handler="wt.workflow.definer.LoadWorkflow.addResourcePool">
    <csvrole>APPROVER</csvrole>
    <csvresourcePoolType>Group</csvresourcePoolType>
    <csvresourcePoolName>慧领科技</csvresourcePoolName>
  </csvWfResourcePool>
  <csvWfResourcePool handler="wt.workflow.definer.LoadWorkflow.addResourcePool">
    <csvrole>JIAODUIZHE</csvrole>
    <csvresourcePoolType>Context Team</csvresourcePoolType>
    <csvresourcePoolName>Context Team</csvresourcePoolName>
  </csvWfResourcePool>
  <csvWfResourcePool handler="wt.workflow.definer.LoadWorkflow.addResourcePool">
    <csvrole>SHENHEZHE</csvrole>
    <csvresourcePoolType>Group</csvresourcePoolType>
    <csvresourcePoolName>慧领科技</csvresourcePoolName>
  </csvWfResourcePool>
  <csvWfAuditAction handler="wt.workflow.definer.LoadWorkflow.addAuditAction">
    <csvauditAction>ACTIVITY_ASSIGNMENT_CHANGED</csvauditAction>
    <csvauditActionFlag>true</csvauditActionFlag>
  </csvWfAuditAction>
  <csvWfAuditAction handler="wt.workflow.definer.LoadWorkflow.addAuditAction">
    <csvauditAction>EXECUTION_ERROR</csvauditAction>
    <csvauditActionFlag>true</csvauditActionFlag>
  </csvWfAuditAction>
  <csvWfVotingAction handler="wt.workflow.definer.LoadWorkflow.addVotingAction">
    <csvvotingAction>RECORD_VOTING</csvvotingAction>
    <csvvotingActionFlag>true</csvvotingActionFlag>
  </csvWfVotingAction>
  <csvWfIgnoreUnresolvedRoleAction handler="wt.workflow.definer.LoadWorkflow.addIgnoreUnresolvedRoleAction">
    <csvignoreUnresolvedRoleAction>IGNOREUNRESOLVED_ROLE</csvignoreUnresolvedRoleAction>
    <csvignoreUnresolvedRoleActionFlag>true</csvignoreUnresolvedRoleActionFlag>
  </csvWfIgnoreUnresolvedRoleAction>
  <csvRenderChoice handler="wt.workflow.definer.LoadWorkflow.renderTemplate"><csvrender>HTML</csvrender></csvRenderChoice>
  <csvTaskFormTemplate handler="wt.workflow.definer.LoadWorkflow.saveTaskFormTemplate"><csvTemplateName>null</csvTemplateName></csvTaskFormTemplate>
  <csvWfAssignedActivityTemplateEnd handler="wt.workflow.definer.LoadWorkflow.saveAssignedActivityTemplate"></csvWfAssignedActivityTemplateEnd>
  <csvWfAssignedActivityTemplateBegin handler="wt.workflow.definer.LoadWorkflow.createAssignedActivityTemplate">
    <csvxCoordinate>427</csvxCoordinate>
    <csvyCoordinate>85</csvyCoordinate>
    <csvrouterType>MANUAL_EXCLUSIVE</csvrouterType>
    <csvroutingEvents>通过/驳回/</csvroutingEvents>
    <csvautoRoutingExpression></csvautoRoutingExpression>
    <csvuniqueId>wt.workflow.definer.WfAssignedActivityTemplate:143657</csvuniqueId>
    <csvname>校对</csvname>
    <csvdescription>null</csvdescription>
    <csvcategory>DEFAULT</csvcategory>
    <csvinstructions>null</csvinstructions>
    <csviconName>wt/clients/images/assignactvty.gif</csviconName>
    <csvduration>0</csvduration>
    <csvprocessDuration>0</csvprocessDuration>
    <csvstartDelay>0</csvstartDelay>
    <csvstartProcessDelay>0</csvstartProcessDelay>
    <csvnotifyBeforeDeadline>false</csvnotifyBeforeDeadline>
    <csvtimeToDeadline>0</csvtimeToDeadline>
    <csvnotifyAfterDeadline>false</csvnotifyAfterDeadline>
    <csvtimePastDeadline>0</csvtimePastDeadline>
    <csvresponsibleRole></csvresponsibleRole>
    <csvtask>WfTask</csvtask>
    <csvsendNotification>false</csvsendNotification>
    <csvlocalProject></csvlocalProject>
    <csvvariableProject>null</csvvariableProject>
    <csvsigningRequired>false</csvsigningRequired>
  </csvWfAssignedActivityTemplateBegin>
  <csvWfVariable handler="wt.workflow.definer.LoadWorkflow.addVariable">
    <csvname>primaryBusinessObject</csvname>
    <csvtype>wt.fc.WTObject</csvtype>
    <csvrequired>false</csvrequired>
    <csvvisible>true</csvvisible>
    <csvmutable>true</csvmutable>
    <csvresetable>true</csvresetable>
    <csvinitializeFrom>primaryBusinessObject</csvinitializeFrom>
    <csvcopyInto>primaryBusinessObject</csvcopyInto>
    <csvdefaultValue></csvdefaultValue>
    <csvpermissionList>0</csvpermissionList>
    <csvreadOnly>false</csvreadOnly>
    <csvdisplayNames></csvdisplayNames>
  </csvWfVariable>
  <csvWfVariable handler="wt.workflow.definer.LoadWorkflow.addVariable">
    <csvname>comment</csvname>
    <csvtype>java.lang.String</csvtype>
    <csvrequired>false</csvrequired>
    <csvvisible>true</csvvisible>
    <csvmutable>true</csvmutable>
    <csvresetable>true</csvresetable>
    <csvinitializeFrom>comment</csvinitializeFrom>
    <csvcopyInto>comment</csvcopyInto>
    <csvdefaultValue></csvdefaultValue>
    <csvpermissionList>0</csvpermissionList>
    <csvreadOnly>false</csvreadOnly>
    <csvdisplayNames>de:;;;qqqdefault:审批意见-校对;;;qqqit:;;;qqqzh_TW:;;;qqqko:;;;qqqfr:;;;qqqen:;;;qqqzh_CN:;;;qqqja:</csvdisplayNames>
  </csvWfVariable>
  <csvWfVariable handler="wt.workflow.definer.LoadWorkflow.addVariable">
    <csvname>fengxian</csvname>
    <csvtype>java.lang.String</csvtype>
    <csvrequired>true</csvrequired>
    <csvvisible>true</csvvisible>
    <csvmutable>true</csvmutable>
    <csvresetable>true</csvresetable>
    <csvinitializeFrom>fengxian</csvinitializeFrom>
    <csvcopyInto>fengxian</csvcopyInto>
    <csvdefaultValue></csvdefaultValue>
    <csvpermissionList>0</csvpermissionList>
    <csvreadOnly>false</csvreadOnly>
    <csvdisplayNames>de:;;;qqqit:;;;qqqdefault:风险处理-校对;;;qqqko:;;;qqqzh_TW:;;;qqqfr:;;;qqqen:;;;qqqja:;;;qqqzh_CN:</csvdisplayNames>
  </csvWfVariable>
  <csvWfRoleAssignee handler="wt.workflow.definer.LoadWorkflow.addRoleAssignee">
    <csvrole>JIAODUIZHE</csvrole>
    <csvrequired>true</csvrequired>
    <csvcompletionPolicyType>ANY</csvcompletionPolicyType>
    <csvcompletionPolicyValue>0</csvcompletionPolicyValue>
  </csvWfRoleAssignee>
  <csvWfRoleSetup handler="wt.workflow.definer.LoadWorkflow.addRoleSetup">
    <csvassigneeType>Role</csvassigneeType>
    <csvassigneeName>JIAODUIZHE</csvassigneeName>
    <csvrole>APPROVER</csvrole>
    <csvviewPermission>true</csvviewPermission>
    <csvaddPermission>false</csvaddPermission>
    <csvremovePermission>false</csvremovePermission>
  </csvWfRoleSetup>
  <csvWfResourcePool handler="wt.workflow.definer.LoadWorkflow.addResourcePool">
    <csvrole>JIAODUIZHE</csvrole>
    <csvresourcePoolType>Context Team</csvresourcePoolType>
    <csvresourcePoolName>Context Team</csvresourcePoolName>
  </csvWfResourcePool>
  <csvWfAuditAction handler="wt.workflow.definer.LoadWorkflow.addAuditAction">
    <csvauditAction>ACTIVITY_ASSIGNMENT_CHANGED</csvauditAction>
    <csvauditActionFlag>true</csvauditActionFlag>
  </csvWfAuditAction>
  <csvWfAuditAction handler="wt.workflow.definer.LoadWorkflow.addAuditAction">
    <csvauditAction>EXECUTION_ERROR</csvauditAction>
    <csvauditActionFlag>true</csvauditActionFlag>
  </csvWfAuditAction>
  <csvWfVotingAction handler="wt.workflow.definer.LoadWorkflow.addVotingAction">
    <csvvotingAction>RECORD_VOTING</csvvotingAction>
    <csvvotingActionFlag>true</csvvotingActionFlag>
  </csvWfVotingAction>
  <csvWfIgnoreUnresolvedRoleAction handler="wt.workflow.definer.LoadWorkflow.addIgnoreUnresolvedRoleAction">
    <csvignoreUnresolvedRoleAction>IGNOREUNRESOLVED_ROLE</csvignoreUnresolvedRoleAction>
    <csvignoreUnresolvedRoleActionFlag>true</csvignoreUnresolvedRoleActionFlag>
  </csvWfIgnoreUnresolvedRoleAction>
  <csvRenderChoice handler="wt.workflow.definer.LoadWorkflow.renderTemplate"><csvrender>HTML</csvrender></csvRenderChoice>
  <csvTaskFormTemplate handler="wt.workflow.definer.LoadWorkflow.saveTaskFormTemplate"><csvTemplateName>default</csvTemplateName></csvTaskFormTemplate>
  <csvWfAssignedActivityTemplateEnd handler="wt.workflow.definer.LoadWorkflow.saveAssignedActivityTemplate"></csvWfAssignedActivityTemplateEnd>
  <csvWfExprRobotTemplateBegin handler="wt.workflow.definer.LoadWorkflow.createExprRobotTemplate">
    <csvxCoordinate>713</csvxCoordinate>
    <csvyCoordinate>86</csvyCoordinate>
    <csvrouterType>NONE</csvrouterType>
    <csvroutingEvents></csvroutingEvents>
    <csvautoRoutingExpression></csvautoRoutingExpression>
    <csvuniqueId>wt.workflow.definer.WfExprRobotTemplate:143659</csvuniqueId>
    <csvname>输出所有流程全局变量</csvname>
    <csvdescription>null</csvdescription>
    <csvcategory>DEFAULT</csvcategory>
    <csvinstructions></csvinstructions>
    <csviconName>wt/clients/images/methrobt.gif</csviconName>
    <csvduration>0</csvduration>
    <csvprocessDuration>0</csvprocessDuration>
    <csvstartDelay>0</csvstartDelay>
    <csvstartProcessDelay>0</csvstartProcessDelay>
    <csvnotifyBeforeDeadline>false</csvnotifyBeforeDeadline>
    <csvtimeToDeadline>0</csvtimeToDeadline>
    <csvnotifyAfterDeadline>false</csvnotifyAfterDeadline>
    <csvtimePastDeadline>0</csvtimePastDeadline>
    <csvresponsibleRole></csvresponsibleRole>
    <csvhost>localhost</csvhost>
  </csvWfExprRobotTemplateBegin>
  <csvWfVariable handler="wt.workflow.definer.LoadWorkflow.addVariable">
    <csvname>primaryBusinessObject</csvname>
    <csvtype>wt.fc.WTObject</csvtype>
    <csvrequired>false</csvrequired>
    <csvvisible>true</csvvisible>
    <csvmutable>true</csvmutable>
    <csvresetable>true</csvresetable>
    <csvinitializeFrom>primaryBusinessObject</csvinitializeFrom>
    <csvcopyInto>primaryBusinessObject</csvcopyInto>
    <csvdefaultValue></csvdefaultValue>
    <csvpermissionList>0</csvpermissionList>
    <csvreadOnly>false</csvreadOnly>
    <csvdisplayNames></csvdisplayNames>
  </csvWfVariable>
  <csvWfVariable handler="wt.workflow.definer.LoadWorkflow.addVariable">
    <csvname>comment</csvname>
    <csvtype>java.lang.String</csvtype>
    <csvrequired>false</csvrequired>
    <csvvisible>true</csvvisible>
    <csvmutable>true</csvmutable>
    <csvresetable>true</csvresetable>
    <csvinitializeFrom></csvinitializeFrom>
    <csvcopyInto></csvcopyInto>
    <csvdefaultValue></csvdefaultValue>
    <csvpermissionList>0</csvpermissionList>
    <csvreadOnly>false</csvreadOnly>
    <csvdisplayNames>de:;;;qqqdefault:审批意见;;;qqqit:;;;qqqzh_TW:;;;qqqko:;;;qqqfr:;;;qqqen:;;;qqqzh_CN:;;;qqqja:</csvdisplayNames>
  </csvWfVariable>
  <csvWfVariable handler="wt.workflow.definer.LoadWorkflow.addVariable">
    <csvname>fengxian</csvname>
    <csvtype>java.lang.String</csvtype>
    <csvrequired>false</csvrequired>
    <csvvisible>true</csvvisible>
    <csvmutable>true</csvmutable>
    <csvresetable>true</csvresetable>
    <csvinitializeFrom></csvinitializeFrom>
    <csvcopyInto></csvcopyInto>
    <csvdefaultValue></csvdefaultValue>
    <csvpermissionList>0</csvpermissionList>
    <csvreadOnly>false</csvreadOnly>
    <csvdisplayNames>de:;;;qqqit:;;;qqqdefault:风险处理;;;qqqko:;;;qqqzh_TW:;;;qqqfr:;;;qqqen:;;;qqqja:;;;qqqzh_CN:</csvdisplayNames>
  </csvWfVariable>
  <csvWfExpression handler="wt.workflow.definer.LoadWorkflow.addExpression">
    <csvexpression>_ROBOT_EXPRESSION_</csvexpression>
    <csvexprBody>wt.fc.WTObject obj = (wt.fc.WTObject) self.getObject();@@String oid         = new wt.fc.ReferenceFactory().getReferenceString(obj);@@System.out.println(&quot;工作流self.getObject()对象:&quot; + obj.getDisplayIdentity() + &quot;#oid:&quot; + oid);@@System.out.println(&quot;当前流程主对象:&quot; + primaryBusinessObject.getDisplayIdentity());@@System.out.println(&quot;审批意见-表达式输出:&quot; + comment);@@System.out.println(&quot;风险处理-表达式输出:&quot; + fengxian);</csvexprBody>
    <csvcheckSyntax>false</csvcheckSyntax>
  </csvWfExpression>
  <csvWfExprRobotTemplateEnd handler="wt.workflow.definer.LoadWorkflow.saveExprRobotTemplate"></csvWfExprRobotTemplateEnd>
  <csvWfInternalMethodTemplateBegin handler="wt.workflow.definer.LoadWorkflow.createInternalMethodTemplate">
    <csvxCoordinate>79</csvxCoordinate>
    <csvyCoordinate>85</csvyCoordinate>
    <csvrouterType>NONE</csvrouterType>
    <csvroutingEvents></csvroutingEvents>
    <csvautoRoutingExpression></csvautoRoutingExpression>
    <csvuniqueId>wt.workflow.definer.WfInternalMethodTemplate:143662</csvuniqueId>
    <csvname>设置状态_编制中</csvname>
    <csvdescription>null</csvdescription>
    <csvcategory>DEFAULT</csvcategory>
    <csvinstructions></csvinstructions>
    <csviconName>wt/clients/images/genrobt.gif</csviconName>
    <csvduration>0</csvduration>
    <csvprocessDuration>0</csvprocessDuration>
    <csvstartDelay>0</csvstartDelay>
    <csvstartProcessDelay>0</csvstartProcessDelay>
    <csvnotifyBeforeDeadline>false</csvnotifyBeforeDeadline>
    <csvtimeToDeadline>0</csvtimeToDeadline>
    <csvnotifyAfterDeadline>false</csvnotifyAfterDeadline>
    <csvtimePastDeadline>0</csvtimePastDeadline>
    <csvresponsibleRole></csvresponsibleRole>
    <csvhost>localhost</csvhost>
    <csvserviceName>wt.lifecycle.LifeCycleService</csvserviceName>
    <csvmethodName>setState</csvmethodName>
    <csvmethodReturn>null</csvmethodReturn>
  </csvWfInternalMethodTemplateBegin>
  <csvWfVariable handler="wt.workflow.definer.LoadWorkflow.addVariable">
    <csvname>primaryBusinessObject</csvname>
    <csvtype>wt.fc.WTObject</csvtype>
    <csvrequired>false</csvrequired>
    <csvvisible>true</csvvisible>
    <csvmutable>true</csvmutable>
    <csvresetable>true</csvresetable>
    <csvinitializeFrom>primaryBusinessObject</csvinitializeFrom>
    <csvcopyInto>primaryBusinessObject</csvcopyInto>
    <csvdefaultValue></csvdefaultValue>
    <csvpermissionList>0</csvpermissionList>
    <csvreadOnly>false</csvreadOnly>
    <csvdisplayNames></csvdisplayNames>
  </csvWfVariable>
  <csvWfVariable handler="wt.workflow.definer.LoadWorkflow.addVariable">
    <csvname>aState</csvname>
    <csvtype>wt.lifecycle.State</csvtype>
    <csvrequired>false</csvrequired>
    <csvvisible>false</csvvisible>
    <csvmutable>true</csvmutable>
    <csvresetable>true</csvresetable>
    <csvinitializeFrom></csvinitializeFrom>
    <csvcopyInto></csvcopyInto>
    <csvdefaultValue>BIANZHIZHONG</csvdefaultValue>
    <csvpermissionList>0</csvpermissionList>
    <csvreadOnly>false</csvreadOnly>
    <csvdisplayNames></csvdisplayNames>
  </csvWfVariable>
  <csvWfSignature handler="wt.workflow.definer.LoadWorkflow.addSignature"><csvsignature>primaryBusinessObject</csvsignature></csvWfSignature>
  <csvWfSignature handler="wt.workflow.definer.LoadWorkflow.addSignature"><csvsignature>aState</csvsignature></csvWfSignature>
  <csvWfInternalMethodTemplateEnd handler="wt.workflow.definer.LoadWorkflow.saveInternalMethodTemplate"></csvWfInternalMethodTemplateEnd>
  <csvWfInternalMethodTemplateBegin handler="wt.workflow.definer.LoadWorkflow.createInternalMethodTemplate">
    <csvxCoordinate>813</csvxCoordinate>
    <csvyCoordinate>84</csvyCoordinate>
    <csvrouterType>NONE</csvrouterType>
    <csvroutingEvents></csvroutingEvents>
    <csvautoRoutingExpression></csvautoRoutingExpression>
    <csvuniqueId>wt.workflow.definer.WfInternalMethodTemplate:143664</csvuniqueId>
    <csvname>设置状态_已发布</csvname>
    <csvdescription>null</csvdescription>
    <csvcategory>DEFAULT</csvcategory>
    <csvinstructions></csvinstructions>
    <csviconName>wt/clients/images/genrobt.gif</csviconName>
    <csvduration>0</csvduration>
    <csvprocessDuration>0</csvprocessDuration>
    <csvstartDelay>0</csvstartDelay>
    <csvstartProcessDelay>0</csvstartProcessDelay>
    <csvnotifyBeforeDeadline>false</csvnotifyBeforeDeadline>
    <csvtimeToDeadline>0</csvtimeToDeadline>
    <csvnotifyAfterDeadline>false</csvnotifyAfterDeadline>
    <csvtimePastDeadline>0</csvtimePastDeadline>
    <csvresponsibleRole></csvresponsibleRole>
    <csvhost>localhost</csvhost>
    <csvserviceName>wt.lifecycle.LifeCycleService</csvserviceName>
    <csvmethodName>setState</csvmethodName>
    <csvmethodReturn>null</csvmethodReturn>
  </csvWfInternalMethodTemplateBegin>
  <csvWfVariable handler="wt.workflow.definer.LoadWorkflow.addVariable">
    <csvname>primaryBusinessObject</csvname>
    <csvtype>wt.fc.WTObject</csvtype>
    <csvrequired>false</csvrequired>
    <csvvisible>true</csvvisible>
    <csvmutable>true</csvmutable>
    <csvresetable>true</csvresetable>
    <csvinitializeFrom>primaryBusinessObject</csvinitializeFrom>
    <csvcopyInto>primaryBusinessObject</csvcopyInto>
    <csvdefaultValue></csvdefaultValue>
    <csvpermissionList>0</csvpermissionList>
    <csvreadOnly>false</csvreadOnly>
    <csvdisplayNames></csvdisplayNames>
  </csvWfVariable>
  <csvWfVariable handler="wt.workflow.definer.LoadWorkflow.addVariable">
    <csvname>aState</csvname>
    <csvtype>wt.lifecycle.State</csvtype>
    <csvrequired>false</csvrequired>
    <csvvisible>false</csvvisible>
    <csvmutable>true</csvmutable>
    <csvresetable>true</csvresetable>
    <csvinitializeFrom></csvinitializeFrom>
    <csvcopyInto></csvcopyInto>
    <csvdefaultValue>RELEASED</csvdefaultValue>
    <csvpermissionList>0</csvpermissionList>
    <csvreadOnly>false</csvreadOnly>
    <csvdisplayNames></csvdisplayNames>
  </csvWfVariable>
  <csvWfSignature handler="wt.workflow.definer.LoadWorkflow.addSignature"><csvsignature>primaryBusinessObject</csvsignature></csvWfSignature>
  <csvWfSignature handler="wt.workflow.definer.LoadWorkflow.addSignature"><csvsignature>aState</csvsignature></csvWfSignature>
  <csvWfInternalMethodTemplateEnd handler="wt.workflow.definer.LoadWorkflow.saveInternalMethodTemplate"></csvWfInternalMethodTemplateEnd>
  <csvWfInternalMethodTemplateBegin handler="wt.workflow.definer.LoadWorkflow.createInternalMethodTemplate">
    <csvxCoordinate>814</csvxCoordinate>
    <csvyCoordinate>252</csvyCoordinate>
    <csvrouterType>NONE</csvrouterType>
    <csvroutingEvents></csvroutingEvents>
    <csvautoRoutingExpression></csvautoRoutingExpression>
    <csvuniqueId>wt.workflow.definer.WfInternalMethodTemplate:143666</csvuniqueId>
    <csvname>设置状态_已传阅</csvname>
    <csvdescription>null</csvdescription>
    <csvcategory>DEFAULT</csvcategory>
    <csvinstructions></csvinstructions>
    <csviconName>wt/clients/images/genrobt.gif</csviconName>
    <csvduration>0</csvduration>
    <csvprocessDuration>0</csvprocessDuration>
    <csvstartDelay>0</csvstartDelay>
    <csvstartProcessDelay>0</csvstartProcessDelay>
    <csvnotifyBeforeDeadline>false</csvnotifyBeforeDeadline>
    <csvtimeToDeadline>0</csvtimeToDeadline>
    <csvnotifyAfterDeadline>false</csvnotifyAfterDeadline>
    <csvtimePastDeadline>0</csvtimePastDeadline>
    <csvresponsibleRole></csvresponsibleRole>
    <csvhost>localhost</csvhost>
    <csvserviceName>wt.lifecycle.LifeCycleService</csvserviceName>
    <csvmethodName>setState</csvmethodName>
    <csvmethodReturn>null</csvmethodReturn>
  </csvWfInternalMethodTemplateBegin>
  <csvWfVariable handler="wt.workflow.definer.LoadWorkflow.addVariable">
    <csvname>primaryBusinessObject</csvname>
    <csvtype>wt.fc.WTObject</csvtype>
    <csvrequired>false</csvrequired>
    <csvvisible>true</csvvisible>
    <csvmutable>true</csvmutable>
    <csvresetable>true</csvresetable>
    <csvinitializeFrom>primaryBusinessObject</csvinitializeFrom>
    <csvcopyInto>primaryBusinessObject</csvcopyInto>
    <csvdefaultValue></csvdefaultValue>
    <csvpermissionList>0</csvpermissionList>
    <csvreadOnly>false</csvreadOnly>
    <csvdisplayNames></csvdisplayNames>
  </csvWfVariable>
  <csvWfVariable handler="wt.workflow.definer.LoadWorkflow.addVariable">
    <csvname>aState</csvname>
    <csvtype>wt.lifecycle.State</csvtype>
    <csvrequired>false</csvrequired>
    <csvvisible>false</csvvisible>
    <csvmutable>true</csvmutable>
    <csvresetable>true</csvresetable>
    <csvinitializeFrom></csvinitializeFrom>
    <csvcopyInto></csvcopyInto>
    <csvdefaultValue>YICHUANYUE</csvdefaultValue>
    <csvpermissionList>0</csvpermissionList>
    <csvreadOnly>false</csvreadOnly>
    <csvdisplayNames></csvdisplayNames>
  </csvWfVariable>
  <csvWfSignature handler="wt.workflow.definer.LoadWorkflow.addSignature"><csvsignature>primaryBusinessObject</csvsignature></csvWfSignature>
  <csvWfSignature handler="wt.workflow.definer.LoadWorkflow.addSignature"><csvsignature>aState</csvsignature></csvWfSignature>
  <csvWfInternalMethodTemplateEnd handler="wt.workflow.definer.LoadWorkflow.saveInternalMethodTemplate"></csvWfInternalMethodTemplateEnd>
  <csvWfInternalMethodTemplateBegin handler="wt.workflow.definer.LoadWorkflow.createInternalMethodTemplate">
    <csvxCoordinate>343</csvxCoordinate>
    <csvyCoordinate>85</csvyCoordinate>
    <csvrouterType>NONE</csvrouterType>
    <csvroutingEvents></csvroutingEvents>
    <csvautoRoutingExpression></csvautoRoutingExpression>
    <csvuniqueId>wt.workflow.definer.WfInternalMethodTemplate:143668</csvuniqueId>
    <csvname>设置状态_审阅中</csvname>
    <csvdescription>null</csvdescription>
    <csvcategory>DEFAULT</csvcategory>
    <csvinstructions></csvinstructions>
    <csviconName>wt/clients/images/genrobt.gif</csviconName>
    <csvduration>0</csvduration>
    <csvprocessDuration>0</csvprocessDuration>
    <csvstartDelay>0</csvstartDelay>
    <csvstartProcessDelay>0</csvstartProcessDelay>
    <csvnotifyBeforeDeadline>false</csvnotifyBeforeDeadline>
    <csvtimeToDeadline>0</csvtimeToDeadline>
    <csvnotifyAfterDeadline>false</csvnotifyAfterDeadline>
    <csvtimePastDeadline>0</csvtimePastDeadline>
    <csvresponsibleRole></csvresponsibleRole>
    <csvhost>localhost</csvhost>
    <csvserviceName>wt.lifecycle.LifeCycleService</csvserviceName>
    <csvmethodName>setState</csvmethodName>
    <csvmethodReturn>null</csvmethodReturn>
  </csvWfInternalMethodTemplateBegin>
  <csvWfVariable handler="wt.workflow.definer.LoadWorkflow.addVariable">
    <csvname>primaryBusinessObject</csvname>
    <csvtype>wt.fc.WTObject</csvtype>
    <csvrequired>false</csvrequired>
    <csvvisible>true</csvvisible>
    <csvmutable>true</csvmutable>
    <csvresetable>true</csvresetable>
    <csvinitializeFrom>primaryBusinessObject</csvinitializeFrom>
    <csvcopyInto>primaryBusinessObject</csvcopyInto>
    <csvdefaultValue></csvdefaultValue>
    <csvpermissionList>0</csvpermissionList>
    <csvreadOnly>false</csvreadOnly>
    <csvdisplayNames></csvdisplayNames>
  </csvWfVariable>
  <csvWfVariable handler="wt.workflow.definer.LoadWorkflow.addVariable">
    <csvname>aState</csvname>
    <csvtype>wt.lifecycle.State</csvtype>
    <csvrequired>false</csvrequired>
    <csvvisible>false</csvvisible>
    <csvmutable>true</csvmutable>
    <csvresetable>true</csvresetable>
    <csvinitializeFrom></csvinitializeFrom>
    <csvcopyInto></csvcopyInto>
    <csvdefaultValue>UNDERREVIEW</csvdefaultValue>
    <csvpermissionList>0</csvpermissionList>
    <csvreadOnly>false</csvreadOnly>
    <csvdisplayNames></csvdisplayNames>
  </csvWfVariable>
  <csvWfSignature handler="wt.workflow.definer.LoadWorkflow.addSignature"><csvsignature>primaryBusinessObject</csvsignature></csvWfSignature>
  <csvWfSignature handler="wt.workflow.definer.LoadWorkflow.addSignature"><csvsignature>aState</csvsignature></csvWfSignature>
  <csvWfInternalMethodTemplateEnd handler="wt.workflow.definer.LoadWorkflow.saveInternalMethodTemplate"></csvWfInternalMethodTemplateEnd>
  <csvWfInternalMethodTemplateBegin handler="wt.workflow.definer.LoadWorkflow.createInternalMethodTemplate">
    <csvxCoordinate>402</csvxCoordinate>
    <csvyCoordinate>323</csvyCoordinate>
    <csvrouterType>NONE</csvrouterType>
    <csvroutingEvents></csvroutingEvents>
    <csvautoRoutingExpression></csvautoRoutingExpression>
    <csvuniqueId>wt.workflow.definer.WfInternalMethodTemplate:143670</csvuniqueId>
    <csvname>设置状态_已取消</csvname>
    <csvdescription>null</csvdescription>
    <csvcategory>DEFAULT</csvcategory>
    <csvinstructions></csvinstructions>
    <csviconName>wt/clients/images/genrobt.gif</csviconName>
    <csvduration>0</csvduration>
    <csvprocessDuration>0</csvprocessDuration>
    <csvstartDelay>0</csvstartDelay>
    <csvstartProcessDelay>0</csvstartProcessDelay>
    <csvnotifyBeforeDeadline>false</csvnotifyBeforeDeadline>
    <csvtimeToDeadline>0</csvtimeToDeadline>
    <csvnotifyAfterDeadline>false</csvnotifyAfterDeadline>
    <csvtimePastDeadline>0</csvtimePastDeadline>
    <csvresponsibleRole></csvresponsibleRole>
    <csvhost>localhost</csvhost>
    <csvserviceName>wt.lifecycle.LifeCycleService</csvserviceName>
    <csvmethodName>setState</csvmethodName>
    <csvmethodReturn>null</csvmethodReturn>
  </csvWfInternalMethodTemplateBegin>
  <csvWfVariable handler="wt.workflow.definer.LoadWorkflow.addVariable">
    <csvname>primaryBusinessObject</csvname>
    <csvtype>wt.fc.WTObject</csvtype>
    <csvrequired>false</csvrequired>
    <csvvisible>true</csvvisible>
    <csvmutable>true</csvmutable>
    <csvresetable>true</csvresetable>
    <csvinitializeFrom>primaryBusinessObject</csvinitializeFrom>
    <csvcopyInto>primaryBusinessObject</csvcopyInto>
    <csvdefaultValue></csvdefaultValue>
    <csvpermissionList>0</csvpermissionList>
    <csvreadOnly>false</csvreadOnly>
    <csvdisplayNames></csvdisplayNames>
  </csvWfVariable>
  <csvWfVariable handler="wt.workflow.definer.LoadWorkflow.addVariable">
    <csvname>aState</csvname>
    <csvtype>wt.lifecycle.State</csvtype>
    <csvrequired>false</csvrequired>
    <csvvisible>false</csvvisible>
    <csvmutable>true</csvmutable>
    <csvresetable>true</csvresetable>
    <csvinitializeFrom></csvinitializeFrom>
    <csvcopyInto></csvcopyInto>
    <csvdefaultValue>CANCELLED</csvdefaultValue>
    <csvpermissionList>0</csvpermissionList>
    <csvreadOnly>false</csvreadOnly>
    <csvdisplayNames></csvdisplayNames>
  </csvWfVariable>
  <csvWfSignature handler="wt.workflow.definer.LoadWorkflow.addSignature"><csvsignature>primaryBusinessObject</csvsignature></csvWfSignature>
  <csvWfSignature handler="wt.workflow.definer.LoadWorkflow.addSignature"><csvsignature>aState</csvsignature></csvWfSignature>
  <csvWfInternalMethodTemplateEnd handler="wt.workflow.definer.LoadWorkflow.saveInternalMethodTemplate"></csvWfInternalMethodTemplateEnd>
  <csvWfConnectorTemplate handler="wt.workflow.definer.LoadWorkflow.createConnectorTemplate">
    <csvxCoordinate>253</csvxCoordinate>
    <csvyCoordinate>86</csvyCoordinate>
    <csvrouterType>NONE</csvrouterType>
    <csvroutingEvents></csvroutingEvents>
    <csvautoRoutingExpression></csvautoRoutingExpression>
    <csvuniqueId>wt.workflow.definer.WfConnectorTemplate:143672</csvuniqueId>
    <csvfunction>OR</csvfunction>
    <csvtype>DEFAULT</csvtype>
    <csvthreshold>0</csvthreshold>
    <csvterminateActivities>true</csvterminateActivities>
  </csvWfConnectorTemplate>
  <csvWfConnectorTemplate handler="wt.workflow.definer.LoadWorkflow.createConnectorTemplate">
    <csvxCoordinate>173</csvxCoordinate>
    <csvyCoordinate>324</csvyCoordinate>
    <csvrouterType>NONE</csvrouterType>
    <csvroutingEvents></csvroutingEvents>
    <csvautoRoutingExpression></csvautoRoutingExpression>
    <csvuniqueId>wt.workflow.definer.WfConnectorTemplate:143673</csvuniqueId>
    <csvfunction>OR</csvfunction>
    <csvtype>DEFAULT</csvtype>
    <csvthreshold>0</csvthreshold>
    <csvterminateActivities>true</csvterminateActivities>
  </csvWfConnectorTemplate>
  <csvWfConnectorTemplate handler="wt.workflow.definer.LoadWorkflow.createConnectorTemplate">
    <csvxCoordinate>812</csvxCoordinate>
    <csvyCoordinate>323</csvyCoordinate>
    <csvrouterType>NONE</csvrouterType>
    <csvroutingEvents></csvroutingEvents>
    <csvautoRoutingExpression></csvautoRoutingExpression>
    <csvuniqueId>wt.workflow.definer.WfConnectorTemplate:143674</csvuniqueId>
    <csvfunction>OR</csvfunction>
    <csvtype>DEFAULT</csvtype>
    <csvthreshold>0</csvthreshold>
    <csvterminateActivities>true</csvterminateActivities>
  </csvWfConnectorTemplate>
  <csvWfConnectorTemplate handler="wt.workflow.definer.LoadWorkflow.createConnectorTemplate">
    <csvxCoordinate>531</csvxCoordinate>
    <csvyCoordinate>184</csvyCoordinate>
    <csvrouterType>NONE</csvrouterType>
    <csvroutingEvents></csvroutingEvents>
    <csvautoRoutingExpression></csvautoRoutingExpression>
    <csvuniqueId>wt.workflow.definer.WfConnectorTemplate:143675</csvuniqueId>
    <csvfunction>OR</csvfunction>
    <csvtype>DEFAULT</csvtype>
    <csvthreshold>0</csvthreshold>
    <csvterminateActivities>true</csvterminateActivities>
  </csvWfConnectorTemplate>
  <csvWfConnectorTemplate handler="wt.workflow.definer.LoadWorkflow.createConnectorTemplate">
    <csvxCoordinate>905</csvxCoordinate>
    <csvyCoordinate>323</csvyCoordinate>
    <csvrouterType>NONE</csvrouterType>
    <csvroutingEvents></csvroutingEvents>
    <csvautoRoutingExpression></csvautoRoutingExpression>
    <csvuniqueId>wt.workflow.definer.WfConnectorTemplate:143676</csvuniqueId>
    <csvfunction>AND</csvfunction>
    <csvtype>END</csvtype>
    <csvthreshold>0</csvthreshold>
    <csvterminateActivities>false</csvterminateActivities>
  </csvWfConnectorTemplate>
  <csvWfConnectorTemplate handler="wt.workflow.definer.LoadWorkflow.createConnectorTemplate">
    <csvxCoordinate>6</csvxCoordinate>
    <csvyCoordinate>84</csvyCoordinate>
    <csvrouterType>NONE</csvrouterType>
    <csvroutingEvents></csvroutingEvents>
    <csvautoRoutingExpression></csvautoRoutingExpression>
    <csvuniqueId>wt.workflow.definer.WfConnectorTemplate:143677</csvuniqueId>
    <csvfunction>OR</csvfunction>
    <csvtype>START</csvtype>
    <csvthreshold>0</csvthreshold>
    <csvterminateActivities>false</csvterminateActivities>
  </csvWfConnectorTemplate>
  <csvWfNodeTemplateLinkBegin handler="wt.workflow.definer.LoadWorkflow.createNodeTemplateLink">
    <csvsourceNode>wt.workflow.definer.WfAssignedActivityTemplate:143649</csvsourceNode>
    <csvdestNode>wt.workflow.definer.WfConnectorTemplate:143675</csvdestNode>
    <csvbackLoop>false</csvbackLoop>
  </csvWfNodeTemplateLinkBegin>
  <csvWfEventActionPair handler="wt.workflow.definer.LoadWorkflow.addEventActionPair">
    <csvevent>驳回</csvevent>
    <csvaction>FIRE</csvaction>
  </csvWfEventActionPair>
  <csvWfNodeTemplateLinkEnd handler="wt.workflow.definer.LoadWorkflow.saveNodeTemplateLink"></csvWfNodeTemplateLinkEnd>
  <csvWfNodeTemplateLinkBegin handler="wt.workflow.definer.LoadWorkflow.createNodeTemplateLink">
    <csvsourceNode>wt.workflow.definer.WfAssignedActivityTemplate:143643</csvsourceNode>
    <csvdestNode>wt.workflow.definer.WfConnectorTemplate:143675</csvdestNode>
    <csvbackLoop>false</csvbackLoop>
  </csvWfNodeTemplateLinkBegin>
  <csvWfEventActionPair handler="wt.workflow.definer.LoadWorkflow.addEventActionPair">
    <csvevent>驳回</csvevent>
    <csvaction>FIRE</csvaction>
  </csvWfEventActionPair>
  <csvWfNodeTemplateLinkEnd handler="wt.workflow.definer.LoadWorkflow.saveNodeTemplateLink"></csvWfNodeTemplateLinkEnd>
  <csvWfNodeTemplateLinkBegin handler="wt.workflow.definer.LoadWorkflow.createNodeTemplateLink">
    <csvsourceNode>wt.workflow.definer.WfConnectorTemplate:143675</csvsourceNode>
    <csvdestNode>wt.workflow.definer.WfAssignedActivityTemplate:143647</csvdestNode>
    <csvbackLoop>true</csvbackLoop>
  </csvWfNodeTemplateLinkBegin>
  <csvWfEventActionPair handler="wt.workflow.definer.LoadWorkflow.addEventActionPair">
    <csvevent>FIRE</csvevent>
    <csvaction>START</csvaction>
  </csvWfEventActionPair>
  <csvWfNodeTemplateLinkEnd handler="wt.workflow.definer.LoadWorkflow.saveNodeTemplateLink"></csvWfNodeTemplateLinkEnd>
  <csvWfNodeTemplateLinkBegin handler="wt.workflow.definer.LoadWorkflow.createNodeTemplateLink">
    <csvsourceNode>wt.workflow.definer.WfAssignedActivityTemplate:143651</csvsourceNode>
    <csvdestNode>wt.workflow.definer.WfConnectorTemplate:143672</csvdestNode>
    <csvbackLoop>false</csvbackLoop>
  </csvWfNodeTemplateLinkBegin>
  <csvWfEventActionPair handler="wt.workflow.definer.LoadWorkflow.addEventActionPair">
    <csvevent>提交审阅</csvevent>
    <csvaction>FIRE</csvaction>
  </csvWfEventActionPair>
  <csvWfNodeTemplateLinkEnd handler="wt.workflow.definer.LoadWorkflow.saveNodeTemplateLink"></csvWfNodeTemplateLinkEnd>
  <csvWfNodeTemplateLinkBegin handler="wt.workflow.definer.LoadWorkflow.createNodeTemplateLink">
    <csvsourceNode>wt.workflow.definer.WfAssignedActivityTemplate:143647</csvsourceNode>
    <csvdestNode>wt.workflow.definer.WfConnectorTemplate:143672</csvdestNode>
    <csvbackLoop>false</csvbackLoop>
  </csvWfNodeTemplateLinkBegin>
  <csvWfEventActionPair handler="wt.workflow.definer.LoadWorkflow.addEventActionPair">
    <csvevent>提交审阅</csvevent>
    <csvaction>FIRE</csvaction>
  </csvWfEventActionPair>
  <csvWfNodeTemplateLinkEnd handler="wt.workflow.definer.LoadWorkflow.saveNodeTemplateLink"></csvWfNodeTemplateLinkEnd>
  <csvWfNodeTemplateLinkBegin handler="wt.workflow.definer.LoadWorkflow.createNodeTemplateLink">
    <csvsourceNode>wt.workflow.definer.WfInternalMethodTemplate:143670</csvsourceNode>
    <csvdestNode>wt.workflow.definer.WfConnectorTemplate:143674</csvdestNode>
    <csvbackLoop>false</csvbackLoop>
  </csvWfNodeTemplateLinkBegin>
  <csvWfEventActionPair handler="wt.workflow.definer.LoadWorkflow.addEventActionPair">
    <csvevent>COMPLETE</csvevent>
    <csvaction>FIRE</csvaction>
  </csvWfEventActionPair>
  <csvWfNodeTemplateLinkEnd handler="wt.workflow.definer.LoadWorkflow.saveNodeTemplateLink"></csvWfNodeTemplateLinkEnd>
  <csvWfNodeTemplateLinkBegin handler="wt.workflow.definer.LoadWorkflow.createNodeTemplateLink">
    <csvsourceNode>wt.workflow.definer.WfAssignedActivityTemplate:143647</csvsourceNode>
    <csvdestNode>wt.workflow.definer.WfConnectorTemplate:143673</csvdestNode>
    <csvbackLoop>false</csvbackLoop>
  </csvWfNodeTemplateLinkBegin>
  <csvWfEventActionPair handler="wt.workflow.definer.LoadWorkflow.addEventActionPair">
    <csvevent>取消审阅</csvevent>
    <csvaction>FIRE</csvaction>
  </csvWfEventActionPair>
  <csvWfNodeTemplateLinkEnd handler="wt.workflow.definer.LoadWorkflow.saveNodeTemplateLink"></csvWfNodeTemplateLinkEnd>
  <csvWfNodeTemplateLinkBegin handler="wt.workflow.definer.LoadWorkflow.createNodeTemplateLink">
    <csvsourceNode>wt.workflow.definer.WfAssignedActivityTemplate:143651</csvsourceNode>
    <csvdestNode>wt.workflow.definer.WfConnectorTemplate:143673</csvdestNode>
    <csvbackLoop>false</csvbackLoop>
  </csvWfNodeTemplateLinkBegin>
  <csvWfEventActionPair handler="wt.workflow.definer.LoadWorkflow.addEventActionPair">
    <csvevent>取消审阅</csvevent>
    <csvaction>FIRE</csvaction>
  </csvWfEventActionPair>
  <csvWfNodeTemplateLinkEnd handler="wt.workflow.definer.LoadWorkflow.saveNodeTemplateLink"></csvWfNodeTemplateLinkEnd>
  <csvWfNodeTemplateLinkBegin handler="wt.workflow.definer.LoadWorkflow.createNodeTemplateLink">
    <csvsourceNode>wt.workflow.definer.WfConnectorTemplate:143674</csvsourceNode>
    <csvdestNode>wt.workflow.definer.WfConnectorTemplate:143676</csvdestNode>
    <csvbackLoop>false</csvbackLoop>
  </csvWfNodeTemplateLinkBegin>
  <csvWfEventActionPair handler="wt.workflow.definer.LoadWorkflow.addEventActionPair">
    <csvevent>FIRE</csvevent>
    <csvaction>FIRE</csvaction>
  </csvWfEventActionPair>
  <csvWfNodeTemplateLinkEnd handler="wt.workflow.definer.LoadWorkflow.saveNodeTemplateLink"></csvWfNodeTemplateLinkEnd>
  <csvWfNodeTemplateLinkBegin handler="wt.workflow.definer.LoadWorkflow.createNodeTemplateLink">
    <csvsourceNode>wt.workflow.definer.WfAssignedActivityTemplate:143657</csvsourceNode>
    <csvdestNode>wt.workflow.definer.WfAssignedActivityTemplate:143649</csvdestNode>
    <csvbackLoop>false</csvbackLoop>
  </csvWfNodeTemplateLinkBegin>
  <csvWfEventActionPair handler="wt.workflow.definer.LoadWorkflow.addEventActionPair">
    <csvevent>通过</csvevent>
    <csvaction>START</csvaction>
  </csvWfEventActionPair>
  <csvWfNodeTemplateLinkEnd handler="wt.workflow.definer.LoadWorkflow.saveNodeTemplateLink"></csvWfNodeTemplateLinkEnd>
  <csvWfNodeTemplateLinkBegin handler="wt.workflow.definer.LoadWorkflow.createNodeTemplateLink">
    <csvsourceNode>wt.workflow.definer.WfConnectorTemplate:143672</csvsourceNode>
    <csvdestNode>wt.workflow.definer.WfInternalMethodTemplate:143668</csvdestNode>
    <csvbackLoop>false</csvbackLoop>
  </csvWfNodeTemplateLinkBegin>
  <csvWfEventActionPair handler="wt.workflow.definer.LoadWorkflow.addEventActionPair">
    <csvevent>FIRE</csvevent>
    <csvaction>START</csvaction>
  </csvWfEventActionPair>
  <csvWfNodeTemplateLinkEnd handler="wt.workflow.definer.LoadWorkflow.saveNodeTemplateLink"></csvWfNodeTemplateLinkEnd>
  <csvWfNodeTemplateLinkBegin handler="wt.workflow.definer.LoadWorkflow.createNodeTemplateLink">
    <csvsourceNode>wt.workflow.definer.WfInternalMethodTemplate:143668</csvsourceNode>
    <csvdestNode>wt.workflow.definer.WfAssignedActivityTemplate:143657</csvdestNode>
    <csvbackLoop>false</csvbackLoop>
  </csvWfNodeTemplateLinkBegin>
  <csvWfEventActionPair handler="wt.workflow.definer.LoadWorkflow.addEventActionPair">
    <csvevent>COMPLETE</csvevent>
    <csvaction>START</csvaction>
  </csvWfEventActionPair>
  <csvWfNodeTemplateLinkEnd handler="wt.workflow.definer.LoadWorkflow.saveNodeTemplateLink"></csvWfNodeTemplateLinkEnd>
  <csvWfNodeTemplateLinkBegin handler="wt.workflow.definer.LoadWorkflow.createNodeTemplateLink">
    <csvsourceNode>wt.workflow.definer.WfAssignedActivityTemplate:143643</csvsourceNode>
    <csvdestNode>wt.workflow.definer.WfExprRobotTemplate:143659</csvdestNode>
    <csvbackLoop>false</csvbackLoop>
  </csvWfNodeTemplateLinkBegin>
  <csvWfEventActionPair handler="wt.workflow.definer.LoadWorkflow.addEventActionPair">
    <csvevent>通过</csvevent>
    <csvaction>START</csvaction>
  </csvWfEventActionPair>
  <csvWfNodeTemplateLinkEnd handler="wt.workflow.definer.LoadWorkflow.saveNodeTemplateLink"></csvWfNodeTemplateLinkEnd>
  <csvWfNodeTemplateLinkBegin handler="wt.workflow.definer.LoadWorkflow.createNodeTemplateLink">
    <csvsourceNode>wt.workflow.definer.WfExprRobotTemplate:143659</csvsourceNode>
    <csvdestNode>wt.workflow.definer.WfInternalMethodTemplate:143664</csvdestNode>
    <csvbackLoop>false</csvbackLoop>
  </csvWfNodeTemplateLinkBegin>
  <csvWfEventActionPair handler="wt.workflow.definer.LoadWorkflow.addEventActionPair">
    <csvevent>COMPLETE</csvevent>
    <csvaction>START</csvaction>
  </csvWfEventActionPair>
  <csvWfNodeTemplateLinkEnd handler="wt.workflow.definer.LoadWorkflow.saveNodeTemplateLink"></csvWfNodeTemplateLinkEnd>
  <csvWfNodeTemplateLinkBegin handler="wt.workflow.definer.LoadWorkflow.createNodeTemplateLink">
    <csvsourceNode>wt.workflow.definer.WfConnectorTemplate:143677</csvsourceNode>
    <csvdestNode>wt.workflow.definer.WfInternalMethodTemplate:143662</csvdestNode>
    <csvbackLoop>false</csvbackLoop>
  </csvWfNodeTemplateLinkBegin>
  <csvWfEventActionPair handler="wt.workflow.definer.LoadWorkflow.addEventActionPair">
    <csvevent>FIRE</csvevent>
    <csvaction>START</csvaction>
  </csvWfEventActionPair>
  <csvWfNodeTemplateLinkEnd handler="wt.workflow.definer.LoadWorkflow.saveNodeTemplateLink"></csvWfNodeTemplateLinkEnd>
  <csvWfNodeTemplateLinkBegin handler="wt.workflow.definer.LoadWorkflow.createNodeTemplateLink">
    <csvsourceNode>wt.workflow.definer.WfInternalMethodTemplate:143662</csvsourceNode>
    <csvdestNode>wt.workflow.definer.WfAssignedActivityTemplate:143651</csvdestNode>
    <csvbackLoop>false</csvbackLoop>
  </csvWfNodeTemplateLinkBegin>
  <csvWfEventActionPair handler="wt.workflow.definer.LoadWorkflow.addEventActionPair">
    <csvevent>COMPLETE</csvevent>
    <csvaction>START</csvaction>
  </csvWfEventActionPair>
  <csvWfNodeTemplateLinkEnd handler="wt.workflow.definer.LoadWorkflow.saveNodeTemplateLink"></csvWfNodeTemplateLinkEnd>
  <csvWfNodeTemplateLinkBegin handler="wt.workflow.definer.LoadWorkflow.createNodeTemplateLink">
    <csvsourceNode>wt.workflow.definer.WfInternalMethodTemplate:143664</csvsourceNode>
    <csvdestNode>wt.workflow.definer.WfAssignedActivityTemplate:143645</csvdestNode>
    <csvbackLoop>false</csvbackLoop>
  </csvWfNodeTemplateLinkBegin>
  <csvWfEventActionPair handler="wt.workflow.definer.LoadWorkflow.addEventActionPair">
    <csvevent>COMPLETE</csvevent>
    <csvaction>START</csvaction>
  </csvWfEventActionPair>
  <csvWfNodeTemplateLinkEnd handler="wt.workflow.definer.LoadWorkflow.saveNodeTemplateLink"></csvWfNodeTemplateLinkEnd>
  <csvWfNodeTemplateLinkBegin handler="wt.workflow.definer.LoadWorkflow.createNodeTemplateLink">
    <csvsourceNode>wt.workflow.definer.WfAssignedActivityTemplate:143645</csvsourceNode>
    <csvdestNode>wt.workflow.definer.WfInternalMethodTemplate:143666</csvdestNode>
    <csvbackLoop>false</csvbackLoop>
  </csvWfNodeTemplateLinkBegin>
  <csvWfEventActionPair handler="wt.workflow.definer.LoadWorkflow.addEventActionPair">
    <csvevent>COMPLETE</csvevent>
    <csvaction>START</csvaction>
  </csvWfEventActionPair>
  <csvWfNodeTemplateLinkEnd handler="wt.workflow.definer.LoadWorkflow.saveNodeTemplateLink"></csvWfNodeTemplateLinkEnd>
  <csvWfNodeTemplateLinkBegin handler="wt.workflow.definer.LoadWorkflow.createNodeTemplateLink">
    <csvsourceNode>wt.workflow.definer.WfInternalMethodTemplate:143666</csvsourceNode>
    <csvdestNode>wt.workflow.definer.WfConnectorTemplate:143674</csvdestNode>
    <csvbackLoop>false</csvbackLoop>
  </csvWfNodeTemplateLinkBegin>
  <csvWfEventActionPair handler="wt.workflow.definer.LoadWorkflow.addEventActionPair">
    <csvevent>COMPLETE</csvevent>
    <csvaction>FIRE</csvaction>
  </csvWfEventActionPair>
  <csvWfNodeTemplateLinkEnd handler="wt.workflow.definer.LoadWorkflow.saveNodeTemplateLink"></csvWfNodeTemplateLinkEnd>
  <csvWfNodeTemplateLinkBegin handler="wt.workflow.definer.LoadWorkflow.createNodeTemplateLink">
    <csvsourceNode>wt.workflow.definer.WfAssignedActivityTemplate:143649</csvsourceNode>
    <csvdestNode>wt.workflow.definer.WfAssignedActivityTemplate:143643</csvdestNode>
    <csvbackLoop>false</csvbackLoop>
  </csvWfNodeTemplateLinkBegin>
  <csvWfEventActionPair handler="wt.workflow.definer.LoadWorkflow.addEventActionPair">
    <csvevent>通过</csvevent>
    <csvaction>START</csvaction>
  </csvWfEventActionPair>
  <csvWfNodeTemplateLinkEnd handler="wt.workflow.definer.LoadWorkflow.saveNodeTemplateLink"></csvWfNodeTemplateLinkEnd>
  <csvWfNodeTemplateLinkBegin handler="wt.workflow.definer.LoadWorkflow.createNodeTemplateLink">
    <csvsourceNode>wt.workflow.definer.WfConnectorTemplate:143673</csvsourceNode>
    <csvdestNode>wt.workflow.definer.WfInternalMethodTemplate:143670</csvdestNode>
    <csvbackLoop>false</csvbackLoop>
  </csvWfNodeTemplateLinkBegin>
  <csvWfEventActionPair handler="wt.workflow.definer.LoadWorkflow.addEventActionPair">
    <csvevent>FIRE</csvevent>
    <csvaction>START</csvaction>
  </csvWfEventActionPair>
  <csvWfNodeTemplateLinkEnd handler="wt.workflow.definer.LoadWorkflow.saveNodeTemplateLink"></csvWfNodeTemplateLinkEnd>
  <csvWfNodeTemplateLinkBegin handler="wt.workflow.definer.LoadWorkflow.createNodeTemplateLink">
    <csvsourceNode>wt.workflow.definer.WfAssignedActivityTemplate:143657</csvsourceNode>
    <csvdestNode>wt.workflow.definer.WfConnectorTemplate:143675</csvdestNode>
    <csvbackLoop>false</csvbackLoop>
  </csvWfNodeTemplateLinkBegin>
  <csvWfEventActionPair handler="wt.workflow.definer.LoadWorkflow.addEventActionPair">
    <csvevent>驳回</csvevent>
    <csvaction>FIRE</csvaction>
  </csvWfEventActionPair>
  <csvWfNodeTemplateLinkEnd handler="wt.workflow.definer.LoadWorkflow.saveNodeTemplateLink"></csvWfNodeTemplateLinkEnd>
  <csvWfProcessTemplateEnd handler="wt.workflow.definer.LoadWorkflow.saveProcessTemplate"></csvWfProcessTemplateEnd>
</NmLoader>